Packet;Start Time;End Time;Data;End Delimiter;Valid;Packet Time
1;-20,994590814710932;-20,992614398042292;-00001;LF;1;0,001976416668640013
2;-20,962506814791936;-20,960816398122574;00000;LF;1;0,0016904166693620937
3;-20,93070881487222;-20,929018398202857;00001;LF;1;0,0016904166693620937
4;-20,89896281495237;-20,89698639828373;-00001;LF;1;0,001976416668640013
5;-20,86687981503337;-20,86518939836401;00000;LF;1;0,0016904166693620937
6;-20,835133815113522;-20,833157398444882;-00001;LF;1;0,001976416668640013
7;-20,803049815194527;-20,801359398525165;00000;LF;1;0,0016904166693620937
8;-20,77125181527481;-20,769561398605447;00000;LF;1;0,0016904166693620937
9;-20,739506815354957;-20,737530398686317;-00001;LF;1;0,001976416668640013
10;-20,70742281543596;-20,7057323987666;00000;LF;1;0,0016904166693620937
11;-20,675676815516113;-20,673700398847473;-00001;LF;1;0,001976416668640013
12;-20,643592815597117;-20,641902398927755;00000;LF;1;0,0016904166693620937
13;-20,611846815677268;-20,609870399008628;-00001;LF;1;0,001976416668640013
14;-20,57976381575827;-20,578073399088908;00000;LF;1;0,0016904166693620937
15;-20,547965815838552;-20,54627539916919;00000;LF;1;0,0016904166693620937
16;-20,516219815918703;-20,514243399250063;-00001;LF;1;0,001976416668640013
17;-20,484135815999707;-20,482445399330345;00001;LF;1;0,0016904166693620937
18;-20,452390816079856;-20,450414399411216;-00001;LF;1;0,001976416668640013
19;-20,42030681616086;-20,418616399491498;00000;LF;1;0,0016904166693620937
20;-20,38856081624101;-20,38658439957237;-00001;LF;1;0,001976416668640013
21;-20,356476816322015;-20,354786399652653;00000;LF;1;0,0016904166693620937
22;-20,324730816402166;-20,322754399733526;-00001;LF;1;0,001976416668640013
23;-20,292647816483168;-20,290957399813806;00001;LF;1;0,0016904166693620937
24;-20,26090181656332;-20,25892539989468;-00001;LF;1;0,001976416668640013
25;-20,228817816644323;-20,22712739997496;00000;LF;1;0,0016904166693620937
26;-20,197019816724605;-20,195329400055243;00000;LF;1;0,0016904166693620937
27;-20,165274816804754;-20,163298400136114;-00001;LF;1;0,001976416668640013
28;-20,133190816885758;-20,131500400216396;00001;LF;1;0,0016904166693620937
29;-20,10144481696591;-20,09946840029727;-00001;LF;1;0,001976416668640013
30;-20,069360817046913;-20,06767040037755;00000;LF;1;0,0016904166693620937
31;-20,03761581712706;-20,03563940045842;-00001;LF;1;0,001976416668640013
32;-20,005531817208066;-20,003841400538704;00001;LF;1;0,0016904166693620937
33;-19,973785817288217;-19,971809400619577;-00001;LF;1;0,001976416668640013
34;-19,94170181736922;-19,94001140069986;00001;LF;1;0,0016904166693620937
35;-19,909955817449372;-19,907979400780732;-00001;LF;1;0,001976416668640013
36;-19,877872817530374;-19,876182400861012;00001;LF;1;0,0016904166693620937
37;-19,846126817610525;-19,844150400941885;-00001;LF;1;0,001976416668640013
38;-19,81404281769153;-19,812352401022167;00001;LF;1;0,0016904166693620937
39;-19,78229681777168;-19,78032040110304;-00001;LF;1;0,001976416668640013
40;-19,750213817852682;-19,74852340118332;00001;LF;1;0,0016904166693620937
41;-19,718467817932833;-19,716491401264193;-00001;LF;1;0,001976416668640013
42;-19,686383818013837;-19,684693401344475;00001;LF;1;0,0016904166693620937
43;-19,65463781809399;-19,65266140142535;-00001;LF;1;0,001976416668640013
44;-19,622553818174993;-19,62086340150563;00001;LF;1;0,0016904166693620937
45;-19,59080881825514;-19,5888324015865;-00001;LF;1;0,001976416668640013
46;-19,558724818336145;-19,557034401666783;00001;LF;1;0,0016904166693620937
47;-19,526978818416296;-19,525002401747656;-00001;LF;1;0,001976416668640013
48;-19,4948948184973;-19,49320440182794;00001;LF;1;0,0016904166693620937
49;-19,46314981857745;-19,46117340190881;-00001;LF;1;0,001976416668640013
50;-19,431065818658453;-19,42937540198909;00001;LF;1;0,0016904166693620937
51;-19,399319818738604;-19,397343402069964;-00001;LF;1;0,001976416668640013
52;-19,36723581881961;-19,365545402150246;00001;LF;1;0,0016904166693620937
53;-19,335490818899757;-19,333514402231117;-00001;LF;1;0,001976416668640013
54;-19,30340681898076;-19,3017164023114;00000;LF;1;0,0016904166693620937
55;-19,271660819060912;-19,269684402392272;-00001;LF;1;0,001976416668640013
56;-19,239576819141917;-19,237886402472554;00001;LF;1;0,0016904166693620937
57;-19,207830819222067;-19,205854402553427;-00001;LF;1;0,001976416668640013
58;-19,17574781930307;-19,174057402633707;00001;LF;1;0,0016904166693620937
59;-19,14400181938322;-19,14202540271458;-00001;LF;1;0,001976416668640013
60;-19,111917819464225;-19,110227402794862;00001;LF;1;0,0016904166693620937
61;-19,080171819544375;-19,078195402875735;-00001;LF;1;0,001976416668640013
62;-19,048088819625377;-19,046398402956015;00001;LF;1;0,0016904166693620937
63;-19,016342819705528;-19,014366403036888;-00001;LF;1;0,001976416668640013
64;-18,984258819786533;-18,98256840311717;00001;LF;1;0,0016904166693620937
65;-18,952512819866683;-18,950536403198043;-00001;LF;1;0,001976416668640013
66;-18,920428819947688;-18,918738403278326;00001;LF;1;0,0016904166693620937
67;-18,888683820027836;-18,886707403359196;-00001;LF;1;0,001976416668640013
68;-18,85659982010884;-18,85490940343948;00000;LF;1;0,0016904166693620937
69;-18,824801820189123;-18,82311140351976;00000;LF;1;0,0016904166693620937
70;-18,793055820269274;-18,791079403600634;-00001;LF;1;0,001976416668640013
71;-18,760972820350275;-18,759282403680913;00001;LF;1;0,0016904166693620937
72;-18,729226820430426;-18,727250403761786;-00001;LF;1;0,001976416668640013
73;-18,69714282051143;-18,69545240384207;00001;LF;1;0,0016904166693620937
74;-18,66539682059158;-18,66342040392294;-00001;LF;1;0,001976416668640013
75;-18,633313820672583;-18,63162340400322;00001;LF;1;0,0016904166693620937
76;-18,601567820752734;-18,599591404084094;-00001;LF;1;0,001976416668640013
77;-18,56948382083374;-18,567793404164377;00001;LF;1;0,0016904166693620937
78;-18,53773782091389;-18,53576140424525;-00001;LF;1;0,001976416668640013
79;-18,505653820994894;-18,503963404325532;00001;LF;1;0,0016904166693620937
80;-18,473908821075042;-18,471932404406402;-00001;LF;1;0,001976416668640013
81;-18,441824821156047;-18,440134404486685;00001;LF;1;0,0016904166693620937
82;-18,410078821236198;-18,408102404567558;-00001;LF;1;0,001976416668640013
83;-18,377994821317202;-18,37630440464784;00001;LF;1;0,0016904166693620937
84;-18,34624982139735;-18,34427340472871;-00001;LF;1;0,001976416668640013
85;-18,314165821478355;-18,312475404808993;00001;LF;1;0,0016904166693620937
86;-18,282419821558506;-18,280443404889866;-00001;LF;1;0,001976416668640013
87;-18,25033582163951;-18,248645404970148;00000;LF;1;0,0016904166693620937
88;-18,21858982171966;-18,21661440505102;-00001;LF;1;0,001975416668642538
89;-18,186506821800663;-18,1848164051313;00000;LF;1;0,0016904166693620937
90;-18,154760821880814;-18,152784405212174;-00001;LF;1;0,001976416668640013
91;-18,122676821961818;-18,120986405292456;00001;LF;1;0,0016904166693620937
92;-18,09093082204197;-18,08895440537333;-00001;LF;1;0,001976416668640013
93;-18,05884782212297;-18,05715740545361;00001;LF;1;0,0016904166693620937
94;-18,02710182220312;-18,02512540553448;-00001;LF;1;0,001976416668640013
95;-17,995017822284126;-17,993327405614764;00001;LF;1;0,0016904166693620937
96;-17,963271822364277;-17,961295405695637;-00001;LF;1;0,001976416668640013
97;-17,93118882244528;-17,929498405775917;00001;LF;1;0,0016904166693620937
98;-17,89944282252543;-17,89746640585679;-00001;LF;1;0,001976416668640013
99;-17,867358822606434;-17,865668405937072;00001;LF;1;0,0016904166693620937
100;-17,835612822686585;-17,833636406017945;-00001;LF;1;0,001976416668640013
101;-17,80352882276759;-17,801838406098227;00001;LF;1;0,0016904166693620937
102;-17,771783822847738;-17,769807406179098;-00001;LF;1;0,001976416668640013
103;-17,739699822928742;-17,73800940625938;00001;LF;1;0,0016904166693620937
104;-17,707953823008893;-17,705977406340253;-00001;LF;1;0,001976416668640013
105;-17,675869823089897;-17,674179406420535;00001;LF;1;0,0016904166693620937
106;-17,644124823170046;-17,642148406501406;-00001;LF;1;0,001976416668640013
107;-17,61204082325105;-17,610350406581688;00001;LF;1;0,0016904166693620937
108;-17,5802948233312;-17,57831840666256;-00001;LF;1;0,001976416668640013
109;-17,548210823412205;-17,546520406742843;00000;LF;1;0,0016904166693620937
110;-17,516413823492485;-17,514723406823123;00000;LF;1;0,0016904166693620937
111;-17,484667823572636;-17,482691406903996;-00001;LF;1;0,001976416668640013
112;-17,45258382365364;-17,450893406984278;00001;LF;1;0,0016904166693620937
113;-17,42083782373379;-17,41886140706515;-00001;LF;1;0,001976416668640013
114;-17,388753823814795;-17,387063407145433;00000;LF;1;0,0016904166693620937
115;-17,357008823894944;-17,355032407226304;-00001;LF;1;0,001976416668640013
116;-17,324924823975948;-17,323234407306586;00001;LF;1;0,0016904166693620937
117;-17,2931788240561;-17,29120240738746;-00001;LF;1;0,001976416668640013
118;-17,261094824137103;-17,25940440746774;00000;LF;1;0,0016904166693620937
119;-17,229349824217252;-17,227373407548612;-00001;LF;1;0,001976416668640013
120;-17,197265824298256;-17,195575407628894;00000;LF;1;0,0016904166693620937
121;-17,16546782437854;-17,163777407709176;00000;LF;1;0,0016904166693620937
122;-17,13372182445869;-17,13174540779005;-00001;LF;1;0,001976416668640013
123;-17,101637824539694;-17,09994740787033;00001;LF;1;0,0016904166693620937
124;-17,069892824619842;-17,067916407951202;-00001;LF;1;0,001976416668640013
125;-17,037808824700846;-17,036118408031484;00000;LF;1;0,0016904166693620937
126;-17,006062824780997;-17,004086408112357;-00001;LF;1;0,001976416668640013
127;-16,973978824862;-16,97228840819264;00000;LF;1;0,0016904166693620937
128;-16,94223382494215;-16,94025740827351;-00001;LF;1;0,001976416668640013
129;-16,910149825023154;-16,908459408353792;00000;LF;1;0,0016904166693620937
130;-16,878351825103437;-16,876661408434074;00000;LF;1;0,0016904166693620937
131;-16,846605825183588;-16,844629408514947;-00001;LF;1;0,001976416668640013
132;-16,81452282526459;-16,812832408595227;00001;LF;1;0,0016904166693620937
133;-16,78277682534474;-16,7808004086761;-00001;LF;1;0,001976416668640013
134;-16,750692825425745;-16,749002408756382;00001;LF;1;0,0016904166693620937
135;-16,718894825506027;-16,717204408836665;00000;LF;1;0,0016904166693620937
136;-16,68709682558631;-16,685406408916947;00001;LF;1;0,0016904166693620937
137;-16,655351825666457;-16,653375408997817;-00001;LF;1;0,001976416668640013
138;-16,62326782574746;-16,6215774090781;00000;LF;1;0,0016904166693620937
139;-16,591521825827613;-16,589545409158973;-00001;LF;1;0,001976416668640013
140;-16,559437825908617;-16,557747409239255;00000;LF;1;0,0016904166693620937
141;-16,527640825988897;-16,525950409319535;00000;LF;1;0,0016904166693620937
142;-16,495894826069048;-16,493918409400408;-00001;LF;1;0,001976416668640013
143;-16,463810826150052;-16,46212040948069;00001;LF;1;0,0016904166693620937
144;-16,432064826230203;-16,430088409561563;-00001;LF;1;0,001976416668640013
145;-16,399980826311207;-16,398290409641845;00000;LF;1;0,0016904166693620937
146;-16,368235826391356;-16,366259409722716;-00001;LF;1;0,001976416668640013
147;-16,33615182647236;-16,334461409802998;00000;LF;1;0,0016904166693620937
148;-16,30440582655251;-16,30242940988387;-00001;LF;1;0,001976416668640013
149;-16,272321826633515;-16,270631409964153;00001;LF;1;0,0016904166693620937
150;-16,240576826713664;-16,238600410045024;-00001;LF;1;0,001976416668640013
151;-16,208492826794668;-16,206802410125306;00000;LF;1;0,0016904166693620937
152;-16,17669482687495;-16,175004410205588;00000;LF;1;0,0016904166693620937
153;-16,1449488269551;-16,14297241028646;-00001;LF;1;0,001976416668640013
154;-16,112865827036103;-16,11117541036674;00000;LF;1;0,0016904166693620937
155;-16,081067827116385;-16,079377410447023;00000;LF;1;0,0016904166693620937
156;-16,049269827196667;-16,047579410527305;00000;LF;1;0,0016904166693620937
157;-16,01747182727695;-16,015781410607588;00000;LF;1;0,0016904166693620937
158;-15,985673827357232;-15,98398341068787;00001;LF;1;0,0016904166693620937
159;-15,953876827437512;-15,95218641076815;00001;LF;1;0,0016904166693620937
160;-15,922078827517794;-15,920388410848432;00000;LF;1;0,0016904166693620937
161;-15,890280827598076;-15,888590410928714;00000;LF;1;0,0016904166693620937
162;-15,858482827678358;-15,856792411008996;00000;LF;1;0,0016904166693620937
163;-15,826685827758638;-15,824995411089276;00000;LF;1;0,0016904166693620937
164;-15,79488782783892;-15,793197411169558;00000;LF;1;0,0016904166693620937
165;-15,763089827919202;-15,76139941124984;00001;LF;1;0,0016904166693620937
166;-15,731291827999485;-15,729601411330123;00000;LF;1;0,0016904166693620937
167;-15,699493828079767;-15,697803411410405;00000;LF;1;0,0016904166693620937
168;-15,667696828160047;-15,666006411490685;00000;LF;1;0,0016904166693620937
169;-15,635950828240198;-15,633974411571558;-00001;LF;1;0,001976416668640013
170;-15,603866828321202;-15,60217641165184;00001;LF;1;0,0016904166693620937
171;-15,572120828401353;-15,570144411732713;-00001;LF;1;0,001976416668640013
172;-15,540037828482355;-15,538347411812993;00001;LF;1;0,0016904166693620937
173;-15,508291828562506;-15,506315411893866;-00001;LF;1;0,001976416668640013
174;-15,47620782864351;-15,474517411974148;00001;LF;1;0,0016904166693620937
175;-15,44446182872366;-15,44248541205502;-00001;LF;1;0,001976416668640013
176;-15,412378828804663;-15,4106884121353;00000;LF;1;0,0016904166693620937
177;-15,380632828884814;-15,378656412216174;-00001;LF;1;0,001976416668640013
178;-15,348548828965818;-15,346858412296456;00000;LF;1;0,0016904166693620937
179;-15,316802829045969;-15,314826412377329;-00001;LF;1;0,001976416668640013
180;-15,284718829126973;-15,283028412457611;00001;LF;1;0,0016904166693620937
181;-15,252973829207122;-15,250997412538482;-00001;LF;1;0,001976416668640013
182;-15,220889829288126;-15,219199412618764;00001;LF;1;0,0016904166693620937
183;-15,189143829368277;-15,187167412699637;-00001;LF;1;0,001976416668640013
184;-15,157059829449281;-15,155369412779919;00001;LF;1;0,0016904166693620937
185;-15,12531482952943;-15,12333841286079;-00001;LF;1;0,001976416668640013
186;-15,093230829610434;-15,091540412941072;00001;LF;1;0,0016904166693620937
187;-15,061484829690585;-15,059508413021945;-00001;LF;1;0,001976416668640013
188;-15,029400829771589;-15,027710413102227;00001;LF;1;0,0016904166693620937
189;-14,99765482985174;-14,995679413183097;-00001;LF;1;0,001975416668642538
190;-14,965571829932742;-14,96388141326338;00001;LF;1;0,0016904166693620937
191;-14,933825830012893;-14,931849413344253;-00001;LF;1;0,001976416668640013
192;-14,901741830093897;-14,900051413424535;00001;LF;1;0,0016904166693620937
193;-14,869995830174048;-14,868019413505408;-00001;LF;1;0,001976416668640013
194;-14,83791283025505;-14,836222413585688;00000;LF;1;0,0016904166693620937
195;-14,806114830335332;-14,80442441366597;00000;LF;1;0,0016904166693620937
196;-14,774368830415483;-14,772392413746843;-00001;LF;1;0,001976416668640013
197;-14,742284830496487;-14,740594413827125;00001;LF;1;0,0016904166693620937
198;-14,710539830576636;-14,708563413907996;-00001;LF;1;0,001976416668640013
199;-14,67845583065764;-14,676765413988278;00000;LF;1;0,0016904166693620937
200;-14,646709830737791;-14,644733414069151;-00001;LF;1;0,001976416668640013
201;-14,614625830818795;-14,612935414149433;00001;LF;1;0,0016904166693620937
202;-14,582879830898946;-14,580903414230306;-00001;LF;1;0,001976416668640013
203;-14,550796830979948;-14,549106414310586;00001;LF;1;0,0016904166693620937
204;-14,519050831060099;-14,517074414391459;-00001;LF;1;0,001976416668640013
205;-14,486966831141103;-14,485276414471741;00001;LF;1;0,0016904166693620937
206;-14,455220831221254;-14,453244414552614;-00001;LF;1;0,001976416668640013
207;-14,423137831302256;-14,421447414632894;00001;LF;1;0,0016904166693620937
208;-14,391391831382407;-14,389415414713767;-00001;LF;1;0,001976416668640013
209;-14,359307831463411;-14,35761741479405;00001;LF;1;0,0016904166693620937
210;-14,327561831543562;-14,325585414874922;-00001;LF;1;0,001976416668640013
211;-14,295478831624564;-14,293788414955202;00001;LF;1;0,0016904166693620937
212;-14,263732831704715;-14,261756415036075;-00001;LF;1;0,001976416668640013
213;-14,23164883178572;-14,229958415116357;00000;LF;1;0,0016904166693620937
214;-14,19990283186587;-14,19792641519723;-00001;LF;1;0,001976416668640013
215;-14,167818831946875;-14,166128415277512;00001;LF;1;0,0016904166693620937
216;-14,136073832027023;-14,134097415358383;-00001;LF;1;0,001976416668640013
217;-14,103989832108027;-14,102299415438665;00001;LF;1;0,0016904166693620937
218;-14,072243832188178;-14,070267415519538;-00001;LF;1;0,001976416668640013
219;-14,040159832269183;-14,03846941559982;00001;LF;1;0,0016904166693620937
220;-14,008414832349331;-14,006438415680691;-00001;LF;1;0,001976416668640013
221;-13,976330832430335;-13,974640415760973;00001;LF;1;0,0016904166693620937
222;-13,944584832510486;-13,942608415841846;-00001;LF;1;0,001976416668640013
223;-13,91250083259149;-13,910810415922128;00001;LF;1;0,0016904166693620937
224;-13,880754832671641;-13,878778416003001;-00001;LF;1;0,001976416668640013
225;-13,848671832752643;-13,846981416083281;00001;LF;1;0,0016904166693620937
226;-13,816925832832794;-13,814949416164154;-00001;LF;1;0,001976416668640013
227;-13,784841832913798;-13,783151416244436;00001;LF;1;0,0016904166693620937
228;-13,75309583299395;-13,75111941632531;-00001;LF;1;0,001976416668640013
229;-13,721012833074951;-13,71932241640559;00001;LF;1;0,0016904166693620937
230;-13,689266833155102;-13,687290416486462;-00001;LF;1;0,001976416668640013
231;-13,657182833236106;-13,655492416566744;00001;LF;1;0,0016904166693620937
232;-13,625436833316257;-13,623460416647617;-00001;LF;1;0,001976416668640013
233;-13,59335383339726;-13,591663416727897;00001;LF;1;0,0016904166693620937
234;-13,56160783347741;-13,55963141680877;-00001;LF;1;0,001976416668640013
235;-13,529523833558414;-13,527833416889052;00001;LF;1;0,0016904166693620937
236;-13,497777833638565;-13,495801416969925;-00001;LF;1;0,001976416668640013
237;-13,46569383371957;-13,464003417050208;00000;LF;1;0,0016904166693620937
238;-13,43389683379985;-13,432206417130487;00000;LF;1;0,0016904166693620937
239;-13,40215083388;-13,40017441721136;-00001;LF;1;0,001976416668640013
240;-13,370066833961005;-13,368376417291643;00001;LF;1;0,0016904166693620937
241;-13,338320834041156;-13,336344417372516;-00001;LF;1;0,001976416668640013
242;-13,306237834122157;-13,304547417452795;00001;LF;1;0,0016904166693620937
243;-13,274491834202308;-13,272515417533668;-00001;LF;1;0,001976416668640013
244;-13,242407834283313;-13,24071741761395;00001;LF;1;0,0016904166693620937
245;-13,210661834363464;-13,208685417694824;-00001;LF;1;0,001976416668640013
246;-13,178577834444468;-13,176887417775106;00001;LF;1;0,0016904166693620937
247;-13,146832834524616;-13,144856417855976;-00001;LF;1;0,001976416668640013
248;-13,11474883460562;-13,113058417936259;00001;LF;1;0,0016904166693620937
249;-13,083002834685772;-13,081026418017132;-00001;LF;1;0,001976416668640013
250;-13,050918834766776;-13,049228418097414;00001;LF;1;0,0016904166693620937
251;-13,019173834846924;-13,017197418178284;-00001;LF;1;0,001976416668640013
252;-12,987089834927929;-12,985399418258567;00001;LF;1;0,0016904166693620937
253;-12,95534383500808;-12,95336741833944;-00001;LF;1;0,001976416668640013
254;-12,923259835089084;-12,921569418419722;00001;LF;1;0,0016904166693620937
255;-12,891514835169232;-12,889538418500592;-00001;LF;1;0,001976416668640013
256;-12,859430835250237;-12,857740418580875;00001;LF;1;0,0016904166693620937
257;-12,827684835330388;-12,825708418661748;-00001;LF;1;0,001976416668640013
258;-12,795600835411392;-12,79391041874203;00001;LF;1;0,0016904166693620937
259;-12,763854835491543;-12,761878418822903;-00001;LF;1;0,001976416668640013
260;-12,731771835572545;-12,730081418903183;00001;LF;1;0,0016904166693620937
261;-12,700025835652696;-12,698049418984056;-00001;LF;1;0,001976416668640013
262;-12,6679418357337;-12,666251419064338;00000;LF;1;0,0016904166693620937
263;-12,63619583581385;-12,63421941914521;-00001;LF;1;0,001976416668640013
264;-12,604112835894853;-12,60242241922549;00000;LF;1;0,0016904166693620937
265;-12,572366835975004;-12,570390419306364;-00001;LF;1;0,001976416668640013
266;-12,540282836056008;-12,538592419386646;00001;LF;1;0,0016904166693620937
267;-12,508536836136159;-12,506560419467519;-00001;LF;1;0,001976416668640013
268;-12,47645383621716;-12,474763419547799;00001;LF;1;0,0016904166693620937
269;-12,444707836297312;-12,442731419628672;-00001;LF;1;0,001976416668640013
270;-12,412623836378316;-12,410933419708954;00001;LF;1;0,0016904166693620937
271;-12,380877836458467;-12,378901419789827;-00001;LF;1;0,001976416668640013
272;-12,348793836539471;-12,347103419870109;00000;LF;1;0,0016904166693620937
273;-12,31699683661975;-12,315306419950389;00000;LF;1;0,0016904166693620937
274;-12,285250836699902;-12,283274420031262;-00001;LF;1;0,001976416668640013
275;-12,253166836780906;-12,251476420111544;00001;LF;1;0,0016904166693620937
276;-12,221420836861057;-12,219444420192417;-00001;LF;1;0,001976416668640013
277;-12,189337836942059;-12,187647420272697;00000;LF;1;0,0016904166693620937
278;-12,15759183702221;-12,15561542035357;-00001;LF;1;0,001976416668640013
279;-12,125507837103214;-12,123817420433852;00001;LF;1;0,0016904166693620937
280;-12,093761837183365;-12,091785420514725;-00001;LF;1;0,001976416668640013
281;-12,06167783726437;-12,059987420595007;00001;LF;1;0,0016904166693620937
282;-12,029932837344518;-12,027956420675878;-00001;LF;1;0,001976416668640013
283;-11,997848837425522;-11,99615842075616;00001;LF;1;0,0016904166693620937
284;-11,966102837505673;-11,964126420837033;-00001;LF;1;0,001976416668640013
285;-11,934018837586677;-11,932328420917315;00001;LF;1;0,0016904166693620937
286;-11,902273837666826;-11,900297420998186;-00001;LF;1;0,001976416668640013
287;-11,87018983774783;-11,868499421078468;00001;LF;1;0,0016904166693620937
288;-11,838443837827981;-11,836467421159341;-00001;LF;1;0,001976416668640013
289;-11,806359837908985;-11,804669421239623;00001;LF;1;0,0016904166693620937
290;-11,774614837989134;-11,772638421320494;-00001;LF;1;0,001976416668640013
291;-11,742530838070138;-11,740840421400776;00001;LF;1;0,0016904166693620937
292;-11,710784838150289;-11,708808421481649;-00001;LF;1;0,001976416668640013
293;-11,678700838231293;-11,677010421561931;00001;LF;1;0,0016904166693620937
294;-11,646954838311444;-11,644978421642804;-00001;LF;1;0,001976416668640013
295;-11,614871838392446;-11,613181421723084;00001;LF;1;0,0016904166693620937
296;-11,583125838472597;-11,581149421803957;-00001;LF;1;0,001976416668640013
297;-11,551041838553601;-11,54935142188424;00001;LF;1;0,0016904166693620937
298;-11,519295838633752;-11,517319421965112;-00001;LF;1;0,001976416668640013
299;-11,487212838714754;-11,485522422045392;00001;LF;1;0,0016904166693620937
300;-11,455466838794905;-11,453490422126265;-00001;LF;1;0,001976416668640013
301;-11,42338283887591;-11,421692422206547;00001;LF;1;0,0016904166693620937
302;-11,39163683895606;-11,38966042228742;-00001;LF;1;0,001976416668640013
303;-11,359552839037065;-11,357862422367702;00001;LF;1;0,0016904166693620937
304;-11,327807839117213;-11,325831422448573;-00001;LF;1;0,001976416668640013
305;-11,295723839198217;-11,294033422528855;00001;LF;1;0,0016904166693620937
306;-11,263977839278368;-11,262001422609728;-00001;LF;1;0,001976416668640013
307;-11,231893839359373;-11,23020342269001;00001;LF;1;0,0016904166693620937
308;-11,200148839439521;-11,198172422770881;-00001;LF;1;0,001976416668640013
309;-11,168064839520525;-11,166374422851163;00001;LF;1;0,0016904166693620937
310;-11,136318839600676;-11,134342422932036;-00001;LF;1;0,001976416668640013
311;-11,10423483968168;-11,102544423012318;00001;LF;1;0,0016904166693620937
312;-11,072489839761829;-11,070513423093189;-00001;LF;1;0,001976416668640013
313;-11,040405839842833;-11,038715423173471;00001;LF;1;0,0016904166693620937
314;-11,008659839922984;-11,006683423254344;-00001;LF;1;0,001976416668640013
315;-10,976575840003989;-10,974885423334626;00000;LF;1;0,0016904166693620937
316;-10,94482984008414;-10,9428534234155;-00001;LF;1;0,001976416668640013
317;-10,912746840165141;-10,91105642349578;00001;LF;1;0,0016904166693620937
318;-10,881000840245292;-10,879024423576652;-00001;LF;1;0,001976416668640013
319;-10,848916840326297;-10,847226423656934;00001;LF;1;0,0016904166693620937
320;-10,817170840406447;-10,815194423737807;-00001;LF;1;0,001976416668640013
321;-10,78508784048745;-10,783397423818087;00001;LF;1;0,0016904166693620937
322;-10,7533418405676;-10,75136542389896;-00001;LF;1;0,001976416668640013
323;-10,721257840648605;-10,719567423979242;00001;LF;1;0,0016904166693620937
324;-10,689511840728755;-10,687535424060115;-00001;LF;1;0,001976416668640013
325;-10,65742784080976;-10,655738424140395;00000;LF;1;0,0016894166693646184
326;-10,62563084089004;-10,623940424220677;00000;LF;1;0,0016904166693620937
327;-10,59388484097019;-10,59190842430155;-00001;LF;1;0,001976416668640013
328;-10,561800841051195;-10,560110424381833;00001;LF;1;0,0016904166693620937
329;-10,530054841131346;-10,528078424462706;-00001;LF;1;0,001976416668640013
330;-10,497971841212347;-10,496281424542985;00000;LF;1;0,0016904166693620937
331;-10,466225841292498;-10,464249424623858;-00001;LF;1;0,001976416668640013
332;-10,434141841373503;-10,43245142470414;00000;LF;1;0,0016904166693620937
333;-10,402395841453654;-10,400419424785014;-00001;LF;1;0,001976416668640013
334;-10,370312841534655;-10,368622424865293;00001;LF;1;0,0016904166693620937
335;-10,338566841614806;-10,336590424946166;-00001;LF;1;0,001976416668640013
336;-10,30648284169581;-10,304792425026449;00000;LF;1;0,0016904166693620937
337;-10,274684841776093;-10,27299442510673;00000;LF;1;0,0016904166693620937
338;-10,242938841856244;-10,240962425187604;-00001;LF;1;0,001976416668640013
339;-10,210855841937246;-10,209165425267884;00000;LF;1;0,0016904166693620937
340;-10,179109842017397;-10,177133425348757;-00001;LF;1;0,001976416668640013
341;-10,147025842098401;-10,145335425429039;00000;LF;1;0,0016904166693620937
342;-10,115227842178683;-10,113537425509321;00000;LF;1;0,0016904166693620937
343;-10,083430842258963;-10,0817404255896;00000;LF;1;0,0016904166693620937
344;-10,051632842339245;-10,049942425669883;00000;LF;1;0,0016904166693620937
345;-10,019886842419396;-10,017910425750756;-00001;LF;1;0,001976416668640013
346;-9,9878028425004;-9,986112425831038;00000;LF;1;0,0016904166693620937
347;-9,95600584258068;-9,954315425911318;00000;LF;1;0,0016904166693620937
348;-9,924207842660962;-9,9225174259916;00000;LF;1;0,0016904166693620937
349;-9,892409842741245;-9,890719426071882;00000;LF;1;0,0016904166693620937
350;-9,860611842821527;-9,858921426152165;00000;LF;1;0,0016904166693620937
351;-9,828865842901678;-9,826889426233038;-00001;LF;1;0,001976416668640013
352;-9,79678284298268;-9,795092426313317;00000;LF;1;0,0016904166693620937
353;-9,764984843062962;-9,7632944263936;00000;LF;1;0,0016904166693620937
354;-9,733186843143244;-9,731496426473882;00000;LF;1;0,0016904166693620937
355;-9,701388843223526;-9,699698426554164;00000;LF;1;0,0016904166693620937
356;-9,669591843303806;-9,667901426634444;00000;LF;1;0,0016904166693620937
357;-9,637845843383957;-9,635869426715317;-00001;LF;1;0,001976416668640013
358;-9,605761843464961;-9,604071426795599;00000;LF;1;0,0016904166693620937
359;-9,573963843545243;-9,572273426875881;00001;LF;1;0,0016904166693620937
360;-9,542165843625526;-9,540475426956164;00000;LF;1;0,0016904166693620937
361;-9,510368843705805;-9,508678427036443;00000;LF;1;0,0016904166693620937
362;-9,478570843786088;-9,476880427116726;00000;LF;1;0,0016904166693620937
363;-9,44677284386637;-9,445082427197008;00000;LF;1;0,0016904166693620937
364;-9,414974843946652;-9,41328442727729;00000;LF;1;0,0016904166693620937
365;-9,383177844026932;-9,38148742735757;00000;LF;1;0,0016904166693620937
366;-9,351431844107083;-9,349455427438443;-00001;LF;1;0,001976416668640013
367;-9,319347844188087;-9,317657427518725;00000;LF;1;0,0016904166693620937
368;-9,28754984426837;-9,285859427599007;00000;LF;1;0,0016904166693620937
369;-9,255752844348649;-9,254062427679287;00001;LF;1;0,0016904166693620937
370;-9,223954844428931;-9,22226442775957;00001;LF;1;0,0016904166693620937
371;-9,192156844509213;-9,190466427839851;00001;LF;1;0,0016904166693620937
372;-9,160358844589496;-9,158668427920134;00000;LF;1;0,0016904166693620937
373;-9,128560844669778;-9,126870428000416;00000;LF;1;0,0016904166693620937
374;-9,096763844750058;-9,095073428080696;00001;LF;1;0,0016904166693620937
375;-9,065017844830209;-9,063041428161569;-00001;LF;1;0,001976416668640013
376;-9,032933844911213;-9,03124342824185;00000;LF;1;0,0016904166693620937
377;-9,001135844991495;-8,999445428322133;00001;LF;1;0,0016904166693620937
378;-8,969338845071775;-8,967648428402413;00000;LF;1;0,0016904166693620937
379;-8,937540845152057;-8,935850428482695;00000;LF;1;0,0016904166693620937
380;-8,905794845232208;-8,903818428563568;-00001;LF;1;0,001976416668640013
381;-8,873710845313212;-8,87202042864385;00000;LF;1;0,0016904166693620937
382;-8,841912845393495;-8,840222428724132;00000;LF;1;0,0016904166693620937
383;-8,810115845473774;-8,808425428804412;00000;LF;1;0,0016904166693620937
384;-8,778317845554056;-8,776627428884694;00001;LF;1;0,0016904166693620937
385;-8,746519845634339;-8,744829428964977;00001;LF;1;0,0016904166693620937
386;-8,714721845714621;-8,713031429045259;00001;LF;1;0,0016904166693620937
387;-8,6829248457949;-8,681234429125539;00001;LF;1;0,0016904166693620937
388;-8,651126845875183;-8,64943642920582;00001;LF;1;0,0016904166693620937
389;-8,619328845955465;-8,617638429286103;00001;LF;1;0,0016904166693620937
390;-8,587530846035747;-8,585840429366385;00001;LF;1;0,0016904166693620937
391;-8,555733846116027;-8,554043429446665;00001;LF;1;0,0016904166693620937
392;-8,52393584619631;-8,522245429526947;00000;LF;1;0,0016904166693620937
393;-8,492137846276592;-8,49044742960723;00000;LF;1;0,0016904166693620937
394;-8,460339846356874;-8,458649429687512;00001;LF;1;0,0016904166693620937
395;-8,428541846437156;-8,426851429767794;00000;LF;1;0,0016904166693620937
396;-8,396744846517436;-8,395054429848074;00001;LF;1;0,0016904166693620937
397;-8,364946846597718;-8,363256429928356;00000;LF;1;0,0016904166693620937
398;-8,333148846678;-8,331458430008638;00000;LF;1;0,0016904166693620937
399;-8,301350846758282;-8,29966043008892;00000;LF;1;0,0016904166693620937
400;-8,269553846838562;-8,2678634301692;00000;LF;1;0,0016904166693620937
401;-8,237755846918844;-8,236065430249482;00000;LF;1;0,0016904166693620937
402;-8,206009846998995;-8,204033430330355;-00001;LF;1;0,001976416668640013
403;-8,17392584708;-8,172235430410637;00001;LF;1;0,0016904166693620937
404;-8,14217984716015;-8,14020343049151;-00001;LF;1;0,001976416668640013
405;-8,110096847241152;-8,10840643057179;00001;LF;1;0,0016904166693620937
406;-8,078350847321303;-8,076374430652663;-00001;LF;1;0,001976416668640013
407;-8,046266847402308;-8,044576430732945;00001;LF;1;0,0016904166693620937
408;-8,014520847482459;-8,012544430813819;-00001;LF;1;0,001976416668640013
409;-7,98243784756346;-7,980747430894098;00001;LF;1;0,0016904166693620937
410;-7,950691847643611;-7,948715430974971;-00001;LF;1;0,001976416668640013
411;-7,918607847724616;-7,9169174310552535;00000;LF;1;0,0016904166693620937
412;-7,8868618478047665;-7,8848854311361265;-00001;LF;1;0,001976416668640013
413;-7,854778847885768;-7,853088431216406;00001;LF;1;0,0016904166693620937
414;-7,823032847965919;-7,821056431297279;-00001;LF;1;0,001976416668640013
415;-7,790948848046924;-7,7892584313775615;00000;LF;1;0,0016904166693620937
416;-7,7592028481270745;-7,7572264314584345;-00001;LF;1;0,001976416668640013
417;-7,727118848208079;-7,725428431538717;00000;LF;1;0,0016904166693620937
418;-7,6953218482883585;-7,693631431618996;00000;LF;1;0,0016904166693620937
419;-7,6635758483685095;-7,6615994316998695;-00001;LF;1;0,001976416668640013
420;-7,631491848449514;-7,629801431780152;00000;LF;1;0,0016904166693620937
421;-7,599693848529796;-7,598003431860434;00000;LF;1;0,0016904166693620937
422;-7,567896848610076;-7,566206431940714;00000;LF;1;0,0016904166693620937
423;-7,536098848690358;-7,534408432020996;00000;LF;1;0,0016904166693620937
424;-7,50430084877064;-7,502610432101278;00000;LF;1;0,0016904166693620937
425;-7,472502848850922;-7,47081243218156;00000;LF;1;0,0016904166693620937
426;-7,440704848931205;-7,43901543226184;00000;LF;1;0,0016894166693646184
427;-7,408959849011353;-7,406983432342713;-00001;LF;1;0,001976416668640013
428;-7,376927849092226;-7,374951432423586;-00001;LF;1;0,001976416668640013
429;-7,344895849173099;-7,342919432504459;-00001;LF;1;0,001976416668640013
430;-7,312863849253972;-7,310887432585332;-00001;LF;1;0,001976416668640013
431;-7,280832849334843;-7,278856432666203;-00001;LF;1;0,001976416668640013
432;-7,248800849415716;-7,246824432747076;-00001;LF;1;0,001976416668640013
433;-7,216768849496589;-7,214792432827949;-00001;LF;1;0,001976416668640013
434;-7,184736849577462;-7,182760432908822;-00001;LF;1;0,001976416668640013
435;-7,152705849658332;-7,150729432989692;-00001;LF;1;0,001976416668640013
436;-7,120673849739205;-7,118697433070565;-00001;LF;1;0,001976416668640013
437;-7,088641849820078;-7,086665433151438;-00001;LF;1;0,001976416668640013
438;-7,056609849900951;-7,054633433232311;-00001;LF;1;0,001976416668640013
439;-7,024577849981824;-7,022601433313184;-00001;LF;1;0,001976416668640013
440;-6,992546850062695;-6,990570433394055;-00001;LF;1;0,001976416668640013
441;-6,960514850143568;-6,958538433474928;-00001;LF;1;0,001976416668640013
442;-6,928482850224441;-6,926506433555801;-00001;LF;1;0,001976416668640013
443;-6,896450850305314;-6,894474433636674;-00001;LF;1;0,001976416668640013
444;-6,864419850386184;-6,862443433717544;-00001;LF;1;0,001976416668640013
445;-6,832387850467057;-6,830411433798417;-00001;LF;1;0,001976416668640013
446;-6,8003558505479305;-6,7983794338792904;-00001;LF;1;0,001976416668640013
447;-6,7683238506288035;-6,7663474339601635;-00001;LF;1;0,001976416668640013
448;-6,736240850709805;-6,734550434040443;00000;LF;1;0,0016904166693620937
449;-6,7044428507900875;-6,702752434120725;00001;LF;1;0,0016904166693620937
450;-6,67264485087037;-6,670954434201008;00000;LF;1;0,0016904166693620937
451;-6,640846850950652;-6,63915643428129;00000;LF;1;0,0016904166693620937
452;-6,609048851030934;-6,607358434361572;00000;LF;1;0,0016904166693620937
453;-6,577251851111214;-6,575561434441852;00001;LF;1;0,0016904166693620937
454;-6,545453851191496;-6,543763434522134;00000;LF;1;0,0016904166693620937
455;-6,513655851271778;-6,511965434602416;00000;LF;1;0,0016904166693620937
456;-6,481857851352061;-6,4801674346826985;00000;LF;1;0,0016904166693620937
457;-6,45006085143234;-6,448370434762978;00000;LF;1;0,0016904166693620937
458;-6,4182628515126225;-6,4165724348432605;00001;LF;1;0,0016904166693620937
459;-6,386464851592905;-6,384774434923543;00000;LF;1;0,0016904166693620937
460;-6,354666851673187;-6,352976435003825;00000;LF;1;0,0016904166693620937
461;-6,322868851753469;-6,321178435084107;00001;LF;1;0,0016904166693620937
462;-6,291123851833618;-6,289147435164978;-00001;LF;1;0,001976416668640013
463;-6,259091851914491;-6,257115435245851;-00001;LF;1;0,001976416668640013
464;-6,227007851995495;-6,225317435326133;00000;LF;1;0,0016904166693620937
465;-6,195261852075646;-6,193285435407006;-00001;LF;1;0,001976416668640013
466;-6,163178852156648;-6,161488435487286;00000;LF;1;0,0016904166693620937
467;-6,13138085223693;-6,129690435567568;00000;LF;1;0,0016904166693620937
468;-6,099634852317081;-6,097658435648441;-00001;LF;1;0,001976416668640013
469;-6,067550852398085;-6,065860435728723;00001;LF;1;0,0016904166693620937
470;-6,035805852478234;-6,033829435809594;-00001;LF;1;0,001976416668640013
471;-6,003721852559238;-6,002031435889876;00001;LF;1;0,0016904166693620937
472;-5,971975852639389;-5,969999435970749;-00001;LF;1;0,001976416668640013
473;-5,939891852720393;-5,938201436051031;00001;LF;1;0,0016904166693620937
474;-5,908145852800544;-5,906169436131904;-00001;LF;1;0,001976416668640013
475;-5,876062852881546;-5,874372436212184;00001;LF;1;0,0016904166693620937
476;-5,844316852961697;-5,842340436293057;-00001;LF;1;0,001976416668640013
477;-5,812232853042701;-5,810542436373339;00001;LF;1;0,0016904166693620937
478;-5,780486853122852;-5,778510436454212;-00001;LF;1;0,001976416668640013
479;-5,748403853203854;-5,746713436534492;00001;LF;1;0,0016904166693620937
480;-5,716657853284005;-5,714681436615365;-00001;LF;1;0,001976416668640013
481;-5,684573853365009;-5,682883436695647;00001;LF;1;0,0016904166693620937
482;-5,65282785344516;-5,65085143677652;-00001;LF;1;0,001976416668640013
483;-5,620744853526162;-5,6190544368568;00001;LF;1;0,0016904166693620937
484;-5,588998853606313;-5,587022436937673;-00001;LF;1;0,001976416668640013
485;-5,556914853687317;-5,555224437017955;00001;LF;1;0,0016904166693620937
486;-5,525168853767468;-5,523192437098828;-00001;LF;1;0,001976416668640013
487;-5,4930848538484724;-5,49139443717911;00001;LF;1;0,0016904166693620937
488;-5,461339853928621;-5,459363437259981;-00001;LF;1;0,001976416668640013
489;-5,429255854009625;-5,427565437340263;00001;LF;1;0,0016904166693620937
490;-5,397509854089776;-5,395533437421136;-00001;LF;1;0,001976416668640013
491;-5,36542585417078;-5,363735437501418;00001;LF;1;0,0016904166693620937
492;-5,333680854250929;-5,331704437582289;-00001;LF;1;0,001976416668640013
493;-5,301596854331933;-5,299906437662571;00001;LF;1;0,0016904166693620937
494;-5,269850854412084;-5,267874437743444;-00001;LF;1;0,001976416668640013
495;-5,237766854493088;-5,236076437823726;00001;LF;1;0,0016904166693620937
496;-5,206020854573239;-5,204044437904599;-00001;LF;1;0,001976416668640013
497;-5,173937854654241;-5,172247437984879;00001;LF;1;0,0016904166693620937
498;-5,142191854734392;-5,140215438065752;-00001;LF;1;0,001976416668640013
499;-5,110107854815396;-5,108417438146034;00001;LF;1;0,0016904166693620937
500;-5,078361854895547;-5,076385438226907;-00001;LF;1;0,001976416668640013
501;-5,046278854976549;-5,044588438307187;00001;LF;1;0,0016904166693620937
502;-5,0145328550567;-5,01255643838806;-00001;LF;1;0,001976416668640013
503;-4,982448855137704;-4,980758438468342;00001;LF;1;0,0016904166693620937
504;-4,950702855217855;-4,948726438549215;-00001;LF;1;0,001976416668640013
505;-4,918619855298857;-4,916929438629495;00001;LF;1;0,0016904166693620937
506;-4,886873855379008;-4,884897438710368;-00001;LF;1;0,001976416668640013
507;-4,854789855460012;-4,85309943879065;00001;LF;1;0,0016904166693620937
508;-4,823043855540163;-4,821067438871523;-00001;LF;1;0,001976416668640013
509;-4,790959855621168;-4,789269438951806;00001;LF;1;0,0016904166693620937
510;-4,759214855701316;-4,757238439032676;-00001;LF;1;0,001976416668640013
511;-4,72713085578232;-4,725440439112958;00001;LF;1;0,0016904166693620937
512;-4,695384855862471;-4,693408439193831;-00001;LF;1;0,001976416668640013
513;-4,663300855943476;-4,661610439274114;00000;LF;1;0,0016904166693620937
514;-4,631555856023624;-4,629579439354984;-00001;LF;1;0,001976416668640013
515;-4,599471856104628;-4,597781439435266;00001;LF;1;0,0016904166693620937
516;-4,567725856184779;-4,565749439516139;-00001;LF;1;0,001976416668640013
517;-4,535641856265784;-4,5339514395964216;00000;LF;1;0,0016904166693620937
518;-4,503895856345935;-4,501920439677292;-00001;LF;1;0,001975416668642538
519;-4,471812856426936;-4,470122439757574;00001;LF;1;0,0016904166693620937
520;-4,440066856507087;-4,438090439838447;-00001;LF;1;0,001976416668640013
521;-4,407982856588092;-4,4062924399187295;00000;LF;1;0,0016904166693620937
522;-4,376184856668374;-4,374494439999012;00000;LF;1;0,0016904166693620937
523;-4,344439856748522;-4,342463440079882;-00001;LF;1;0,001976416668640013
524;-4,312355856829527;-4,3106654401601645;00000;LF;1;0,0016904166693620937
525;-4,280557856909809;-4,278867440240447;00000;LF;1;0,0016904166693620937
526;-4,248759856990091;-4,247069440320729;00000;LF;1;0,0016904166693620937
527;-4,216962857070371;-4,215272440401009;00000;LF;1;0,0016904166693620937
528;-4,185164857150653;-4,183474440481291;00000;LF;1;0,0016904166693620937
529;-4,153418857230804;-4,151442440562164;-00001;LF;1;0,001976416668640013
530;-4,121334857311808;-4,119644440642446;00000;LF;1;0,0016904166693620937
531;-4,089588857391959;-4,087612440723319;-00001;LF;1;0,001976416668640013
532;-4,05755785747283;-4,05558144080419;-00001;LF;1;0,001976416668640013
533;-4,025525857553703;-4,023549440885063;-00002;LF;1;0,001976416668640013
534;-3,9934938576345758;-3,9915174409659357;-00002;LF;1;0,001976416668640013
535;-3,961461857715449;-3,9594854410468088;-00003;LF;1;0,001976416668640013
536;-3,9294308577963193;-3,9274544411276793;-00002;LF;1;0,001976416668640013
537;-3,8973988578771923;-3,8954224412085523;-00003;LF;1;0,001976416668640013
538;-3,8653668579580653;-3,8633904412894253;-00003;LF;1;0,001976416668640013
539;-3,8333348580389384;-3,8313584413702984;-00004;LF;1;0,001976416668640013
540;-3,801303858119809;-3,799327441451169;-00004;LF;1;0,001976416668640013
541;-3,769271858200682;-3,767295441532042;-00003;LF;1;0,001976416668640013
542;-3,737239858281555;-3,735263441612915;-00005;LF;1;0,001976416668640013
543;-3,705207858362428;-3,703231441693788;-00003;LF;1;0,001976416668640013
544;-3,673175858443301;-3,671199441774661;-00004;LF;1;0,001976416668640013
545;-3,6411448585241715;-3,6391684418555315;-00004;LF;1;0,001976416668640013
546;-3,6091128586050445;-3,6071364419364045;-00003;LF;1;0,001976416668640013
547;-3,5770808586859175;-3,5751044420172775;-00003;LF;1;0,001976416668640013
548;-3,5450488587667905;-3,5430724420981505;-00003;LF;1;0,001976416668640013
549;-3,513017858847661;-3,511041442179021;-00003;LF;1;0,001976416668640013
550;-3,480985858928534;-3,479009442259894;-00003;LF;1;0,001976416668640013
551;-3,448953859009407;-3,446977442340767;-00003;LF;1;0,001976416668640013
552;-3,41692185909028;-3,41494544242164;-00001;LF;1;0,001976416668640013
553;-3,384889859171153;-3,3829144425025106;-00001;LF;1;0,001975416668642538
554;-3,352806859252155;-3,351116442582793;00000;LF;1;0,0016904166693620937
555;-3,321008859332437;-3,319318442663075;00000;LF;1;0,0016904166693620937
556;-3,2892108594127194;-3,2875204427433573;00000;LF;1;0,0016904166693620937
557;-3,2574128594930016;-3,2557224428236395;00000;LF;1;0,0016904166693620937
558;-3,2256158595732813;-3,2239254429039192;00000;LF;1;0,0016904166693620937
559;-3,1938178596535636;-3,1921274429842015;00000;LF;1;0,0016904166693620937
560;-3,1620718597337145;-3,1600954430650745;-00001;LF;1;0,001976416668640013
561;-3,129987859814719;-3,1282974431453567;00000;LF;1;0,0016904166693620937
562;-3,0982428598948673;-3,0962664432262272;-00001;LF;1;0,001976416668640013
563;-3,0661588599758716;-3,0644684433065095;00001;LF;1;0,0016904166693620937
564;-3,0344128600560225;-3,0324364433873825;-00001;LF;1;0,001976416668640013
565;-3,002328860137027;-3,0006384434676647;00001;LF;1;0,0016904166693620937
566;-2,9705828602171778;-2,9686064435485378;-00001;LF;1;0,001976416668640013
567;-2,9384998602981796;-2,9368094436288175;00001;LF;1;0,0016904166693620937
568;-2,9067538603783305;-2,9047774437096905;-00001;LF;1;0,001976416668640013
569;-2,874669860459335;-2,8729794437899727;00001;LF;1;0,0016904166693620937
570;-2,8429238605394858;-2,8409474438708457;-00001;LF;1;0,001976416668640013
571;-2,8108408606204875;-2,8091504439511255;00001;LF;1;0,0016904166693620937
572;-2,7790948607006385;-2,7771184440319985;-00001;LF;1;0,001976416668640013
573;-2,747010860781643;-2,7453204441122807;00001;LF;1;0,0016904166693620937
574;-2,7152648608617937;-2,7132884441931537;-00001;LF;1;0,001976416668640013
575;-2,6831818609427955;-2,6814914442734334;00001;LF;1;0,0016904166693620937
576;-2,6514358610229465;-2,6494594443543065;-00001;LF;1;0,001976416668640013
577;-2,619351861103951;-2,6176614444345887;00001;LF;1;0,0016904166693620937
578;-2,5876058611841017;-2,5856294445154617;-00001;LF;1;0,001976416668640013
579;-2,555521861265106;-2,553831444595744;00001;LF;1;0,0016904166693620937
580;-2,5237768613452545;-2,5218004446766145;-00001;LF;1;0,001976416668640013
581;-2,491692861426259;-2,4900024447568967;00001;LF;1;0,0016904166693620937
582;-2,4599468615064097;-2,4579704448377697;-00001;LF;1;0,001976416668640013
583;-2,427862861587414;-2,426172444918052;00001;LF;1;0,0016904166693620937
584;-2,3961178616675625;-2,3941414449989225;-00001;LF;1;0,001976416668640013
585;-2,364033861748567;-2,3623434450792047;00001;LF;1;0,0016904166693620937
586;-2,3322878618287177;-2,3303114451600777;-00001;LF;1;0,001976416668640013
587;-2,300203861909722;-2,29851344524036;00001;LF;1;0,0016904166693620937
588;-2,268457861989873;-2,266481445321233;-00001;LF;1;0,001976416668640013
589;-2,2363748620708748;-2,2346844454015127;00001;LF;1;0,0016904166693620937
590;-2,2046288621510257;-2,2026524454823857;-00001;LF;1;0,001976416668640013
591;-2,17254486223203;-2,170854445562668;00001;LF;1;0,0016904166693620937
592;-2,140798862312181;-2,138822445643541;-00001;LF;1;0,001976416668640013
593;-2,1087158623931828;-2,1070254457238207;00001;LF;1;0,0016904166693620937
594;-2,0769698624733337;-2,0749934458046937;-00001;LF;1;0,001976416668640013
595;-2,044885862554338;-2,043195445884976;00001;LF;1;0,0016904166693620937
596;-2,013139862634489;-2,011163445965849;-00001;LF;1;0,001976416668640013
597;-1,9810568627154908;-1,9793664460461287;00001;LF;1;0,0016904166693620937
598;-1,9493108627956417;-1,9473344461270017;-00001;LF;1;0,001976416668640013
599;-1,917226862876646;-1,915536446207284;00001;LF;1;0,0016904166693620937
600;-1,885480862956797;-1,883504446288157;-00001;LF;1;0,001976416668640013
601;-1,8533968630378013;-1,8517064463684392;00001;LF;1;0,0016904166693620937
602;-1,8216518631179497;-1,8196754464493097;-00001;LF;1;0,001976416668640013
603;-1,789567863198954;-1,787877446529592;00001;LF;1;0,0016904166693620937
604;-1,757821863279105;-1,755845446610465;-00001;LF;1;0,001976416668640013
605;-1,7257378633601093;-1,7240474466907472;00001;LF;1;0,0016904166693620937
606;-1,6939928634402577;-1,6920164467716177;-00001;LF;1;0,001976416668640013
607;-1,661908863521262;-1,6602184468519;00001;LF;1;0,0016904166693620937
608;-1,630162863601413;-1,628186446932773;-00001;LF;1;0,001976416668640013
609;-1,5980788636824172;-1,5963884470130552;00001;LF;1;0,0016904166693620937
610;-1,5663338637625657;-1,5643574470939257;-00001;LF;1;0,001976416668640013
611;-1,53424986384357;-1,532559447174208;00001;LF;1;0,0016904166693620937
612;-1,502503863923721;-1,500527447255081;-00001;LF;1;0,001976416668640013
613;-1,4704198640047252;-1,4687294473353631;00001;LF;1;0,0016904166693620937
614;-1,4386738640848762;-1,4366974474162362;-00001;LF;1;0,001976416668640013
615;-1,406590864165878;-1,4049004474965159;00001;LF;1;0,0016904166693620937
616;-1,374844864246029;-1,372868447577389;-00001;LF;1;0,001976416668640013
617;-1,3427608643270332;-1,3410704476576711;00001;LF;1;0,0016904166693620937
618;-1,3110148644071842;-1,3090384477385442;-00001;LF;1;0,001976416668640013
619;-1,278931864488186;-1,2772414478188239;00000;LF;1;0,0016904166693620937
620;-1,247185864568337;-1,245209447899697;-00001;LF;1;0,001976416668640013
621;-1,2151018646493412;-1,2134114479799791;00000;LF;1;0,0016904166693620937
622;-1,1833038647296235;-1,1816134480602614;00000;LF;1;0,0016904166693620937
623;-1,1515058648099057;-1,1498154481405436;00000;LF;1;0,0016904166693620937
624;-1,119760864890054;-1,117784448221414;-00001;LF;1;0,001976416668640013
625;-1,0876768649710584;-1,0859864483016963;00000;LF;1;0,0016904166693620937
626;-1,0559308650512094;-1,0539544483825694;-00001;LF;1;0,001976416668640013
627;-1,0238988651320824;-1,0219224484634424;-00001;LF;1;0,001976416668640013
628;-0,9918678652129529;-0,9898914485443129;-00001;LF;1;0,001976416668640013
629;-0,9598358652938259;-0,9578594486251859;-00002;LF;1;0,001976416668640013
630;-0,9278038653746989;-0,9258274487060589;-00003;LF;1;0,001976416668640013
631;-0,895771865455572;-0,893795448786932;-00003;LF;1;0,001976416668640013
632;-0,8637408655364425;-0,8617644488678025;-00003;LF;1;0,001976416668640013
633;-0,8317088656173155;-0,8297324489486755;-00003;LF;1;0,001976416668640013
634;-0,7996768656981885;-0,7977004490295485;-00005;LF;1;0,001976416668640013
635;-0,7676448657790615;-0,7656684491104215;-00005;LF;1;0,001976416668640013
636;-0,7356128658599346;-0,7336364491912946;-00007;LF;1;0,001976416668640013
637;-0,7035818659408051;-0,7016054492721651;-00008;LF;1;0,001976416668640013
638;-0,6715498660216781;-0,6695734493530381;-00009;LF;1;0,001976416668640013
639;-0,6395178661025511;-0,6375414494339111;-00010;LF;1;0,001976416668640013
640;-0,6074858661834242;-0,6055094495147841;-00011;LF;1;0,001976416668640013
641;-0,5754548662642947;-0,5734784495956546;-00011;LF;1;0,001976416668640013
642;-0,5434228663451677;-0,5414464496765277;-00012;LF;1;0,001976416668640013
643;-0,5113908664260407;-0,5094144497574007;-00011;LF;1;0,001976416668640013
644;-0,47935886650691373;-0,4773824498382737;-00010;LF;1;0,001976416668640013
645;-0,44732786658778423;-0,4453514499191442;-00008;LF;1;0,001976416668640013
646;-0,41529586666865725;-0,41331945000001724;-00006;LF;1;0,001976416668640013
647;-0,3832638667495303;-0,38128745008089027;-00004;LF;1;0,001976416668640013
648;-0,3512318668304033;-0,3492554501617633;-00004;LF;1;0,001976416668640013
649;-0,31919986691127633;-0,3172234502426363;-00003;LF;1;0,001976416668640013
650;-0,28716886699214683;-0,2851924503235068;-00003;LF;1;0,001976416668640013
651;-0,25513686707301986;-0,25316045040437984;-00001;LF;1;0,001976416668640013
652;-0,22305286715402417;-0,22136245048466208;00000;LF;1;0,0016904166693620937
653;-0,1912548672343064;-0,1895644505649443;00000;LF;1;0,0016904166693620937
654;-0,1594578673145861;-0,15776745064522402;00000;LF;1;0,0016904166693620937
655;-0,12771186739473706;-0,12573545072609704;-00001;LF;1;0,001976416668640013
656;-0,09562786747574137;-0,09393745080637927;00001;LF;1;0,0016904166693620937
657;-0,0638298675560236;-0,06213945088666151;00000;LF;1;0,0016904166693620937
658;-0,032083867636174546;-0,030107450967534533;-00001;LF;1;0,001976416668640013
659;-8,677171763338265E-07;0,0016895489521857598;00001;LF;1;0,0016904166693620937
660;0,03174513220267272;0,033721548871312734;-00001;LF;1;0,001976416668640013
661;0,06382913212166841;0,0655195487910305;00001;LF;1;0,0016904166693620937
662;0,09557513204151746;0,09755154871015748;-00001;LF;1;0,001976416668640013
663;0,12765813196051568;0,12934854862987777;00001;LF;1;0,0016904166693620937
664;0,15940413188036473;0,16138054854900474;-00001;LF;1;0,001976416668640013
665;0,19148813179936042;0,1931785484687225;00001;LF;1;0,0016904166693620937
666;0,22323413171920947;0,22521054838784949;-00001;LF;1;0,001976416668640013
667;0,2553171316382077;0,2570075483075698;00001;LF;1;0,0016904166693620937
668;0,28706313155805674;0,28903954822669675;-00001;LF;1;0,001976416668640013
669;0,3191471314770524;0,3208375481464145;00001;LF;1;0,0016904166693620937
670;0,3508931313969015;0,3528695480655415;-00001;LF;1;0,001976416668640013
671;0,38297713131589717;0,38466754798525926;00000;LF;1;0,0016904166693620937
672;0,41477413123561746;0,41646454790497955;00000;LF;1;0,0016904166693620937
673;0,4465201311554665;0,44849654782410653;-00001;LF;1;0,001976416668640013
674;0,4786041310744622;0,4802945477438243;00001;LF;1;0,0016904166693620937
675;0,5103501309943113;0,5123265476629513;-00001;LF;1;0,001976416668640013
676;0,5424331309133095;0,5441235475826716;00001;LF;1;0,0016904166693620937
677;0,5741791308331585;0,5761555475017985;-00001;LF;1;0,001976416668640013
678;0,6062631307521542;0,6079535474215163;00001;LF;1;0,0016904166693620937
679;0,6380091306720033;0,6399855473406433;-00001;LF;1;0,001976416668640013
680;0,670093130590999;0,6717825472603636;00001;LF;1;0,0016894166693646184
681;0,7018381305108505;0,7038145471794905;-00001;LF;1;0,001976416668640013
682;0,7339221304298462;0,7356125470992083;00001;LF;1;0,0016904166693620937
683;0,7656681303496953;0,7676445470183353;-00001;LF;1;0,001976416668640013
684;0,797752130268691;0,7994425469380531;00001;LF;1;0,0016904166693620937
685;0,8294971301885425;0,8314735468571826;-00001;LF;1;0,001976416668640013
686;0,8615811301075382;0,8632715467769003;00001;LF;1;0,0016904166693620937
687;0,8933271300273873;0,8953035466960273;-00001;LF;1;0,001976416668640013
688;0,925411129946383;0,9271015466157451;00001;LF;1;0,0016904166693620937
689;0,9571561298662346;0,9591325465348746;-00001;LF;1;0,001976416668640013
690;0,9892401297852302;0,9909305464545923;00001;LF;1;0,0016904166693620937
691;1,0209861297050793;1,0229625463737193;-00001;LF;1;0,001976416668640013
692;1,053070129624075;1,054760546293437;00001;LF;1;0,0016904166693620937
693;1,084816129543924;1,086792546212564;-00001;LF;1;0,001976416668640013
694;1,1168991294629222;1,1185895461322843;00001;LF;1;0,0016904166693620937
695;1,1486451293827713;1,1506215460514113;-00001;LF;1;0,001976416668640013
696;1,180729129301767;1,182419545971129;00001;LF;1;0,0016904166693620937
697;1,212475129221616;1,214451545890256;-00001;LF;1;0,001976416668640013
698;1,2445581291406143;1,2462485458099763;00001;LF;1;0,0016904166693620937
699;1,2763041290604633;1,2782805457291033;-00001;LF;1;0,001976416668640013
700;1,308388128979459;1,310078545648821;00001;LF;1;0,0016904166693620937
701;1,340134128899308;1,342110545567948;-00001;LF;1;0,001976416668640013
702;1,3722171288183063;1,3739075454876684;00001;LF;1;0,0016904166693620937
703;1,4039631287381553;1,4059395454067953;-00001;LF;1;0,001976416668640013
704;1,436047128657151;1,437737545326513;00001;LF;1;0,0016904166693620937
705;1,467793128577;1,46976954524564;-00001;LF;1;0,001976416668640013
706;1,4998771284959957;1,5015675451653578;00001;LF;1;0,0016904166693620937
707;1,5316221284158473;1,5335985450844873;-00001;LF;1;0,001976416668640013
708;1,563706128334843;1,565396545004205;00001;LF;1;0,0016904166693620937
709;1,595452128254692;1,597428544923332;-00001;LF;1;0,001976416668640013
710;1,6275361281736878;1,6292265448430499;00000;LF;1;0,0016904166693620937
711;1,6592811280935393;1,6612575447621794;-00001;LF;1;0,001976416668640013
712;1,691365128012535;1,6930555446818971;00000;LF;1;0,0016904166693620937
713;1,7231631279322528;1,7248535446016149;00000;LF;1;0,0016904166693620937
714;1,7549611278519706;1,7566515445213327;00000;LF;1;0,0016904166693620937
715;1,7867591277716883;1,7884495444410504;00000;LF;1;0,0016904166693620937
716;1,8185561276914086;1,8202465443607707;00000;LF;1;0,0016904166693620937
717;1,8503541276111264;1,8520445442804885;00000;LF;1;0,0016904166693620937
718;1,8821001275309754;1,8840765441996155;-00001;LF;1;0,001976416668640013
719;1,9141321274501024;1,9161085441187424;-00001;LF;1;0,001976416668640013
720;1,946163127369232;1,948139544037872;-00002;LF;1;0,001976416668640013
721;1,978195127288359;1,980171543956999;-00004;LF;1;0,001976416668640013
722;2,010227127207486;2,012203543876126;-00004;LF;1;0,001976416668640013
723;2,042259127126613;2,044235543795253;-00008;LF;1;0,001976416668640013
724;2,0742901270457423;2,0762665437143824;-00011;LF;1;0,001976416668640013
725;2,1063221269648693;2,1082985436335093;-00015;LF;1;0,001976416668640013
726;2,1383541268839963;2,1403305435526363;-00019;LF;1;0,001976416668640013
727;2,1703861268031233;2,1723625434717633;-00021;LF;1;0,001976416668640013
728;2,2024181267222502;2,2043945433908902;-00024;LF;1;0,001976416668640013
729;2,2344491266413797;2,2364255433100197;-00026;LF;1;0,001976416668640013
730;2,2664811265605067;2,2684575432291467;-00027;LF;1;0,001976416668640013
731;2,2985131264796337;2,3004895431482737;-00026;LF;1;0,001976416668640013
732;2,3305451263987607;2,3325215430674007;-00026;LF;1;0,001976416668640013
733;2,36257612631789;2,36455254298653;-00025;LF;1;0,001976416668640013
734;2,394608126237017;2,396584542905657;-00023;LF;1;0,001976416668640013
735;2,426640126156144;2,428616542824784;-00022;LF;1;0,001976416668640013
736;2,458672126075271;2,460648542743911;-00021;LF;1;0,001976416668640013
737;2,4907031259944006;2,4926795426630406;-00017;LF;1;0,001976416668640013
738;2,5227351259135276;2,5247115425821676;-00014;LF;1;0,001976416668640013
739;2,5547671258326545;2,5567435425012945;-00011;LF;1;0,001976416668640013
740;2,5867991257517815;2,5887755424204215;-00008;LF;1;0,001976416668640013
741;2,6188311256709085;2,6208075423395485;-00005;LF;1;0,001976416668640013
742;2,650862125590038;2,652838542258678;-00003;LF;1;0,001976416668640013
743;2,682894125509165;2,684870542177805;-00002;LF;1;0,001976416668640013
744;2,714926125428292;2,716902542096932;-00002;LF;1;0,001976416668640013
745;2,746958125347419;2,748934542016059;-00001;LF;1;0,001976416668640013
746;2,7789891252665484;2,7809655419351884;-00001;LF;1;0,001976416668640013
747;2,811073125185544;2,812763541854906;00000;LF;1;0,0016904166693620937
748;2,842871125105262;2,844561541774624;00001;LF;1;0,0016904166693620937
749;2,8746691250249796;2,8763595416943417;00001;LF;1;0,0016904166693620937
750;2,9064671249446974;2,908156541614062;00001;LF;1;0,0016894166693646184
751;2,9382641248644177;2,9399545415337798;00001;LF;1;0,0016904166693620937
752;2,9700621247841354;2,9717525414534975;00001;LF;1;0,0016904166693620937
753;3,001860124703853;3,0035505413732153;00001;LF;1;0,0016904166693620937
754;3,033658124623571;3,035348541292933;00001;LF;1;0,0016904166693620937
755;3,0654551245432913;3,0671455412126534;00001;LF;1;0,0016904166693620937
756;3,097253124463009;3,098943541132371;00001;LF;1;0,0016904166693620937
757;3,129051124382727;3,130741541052089;00001;LF;1;0,0016904166693620937
758;3,1608491243024446;3,1625395409718067;00001;LF;1;0,0016904166693620937
759;3,192646124222165;3,194336540891527;00001;LF;1;0,0016904166693620937
760;3,2244441241418826;3,2261345408112447;00001;LF;1;0,0016904166693620937
761;3,2562421240616004;3,2579325407309625;00001;LF;1;0,0016904166693620937
762;3,288040123981318;3,2897305406506803;00001;LF;1;0,0016904166693620937
763;3,319838123901036;3,321528540570398;00001;LF;1;0,0016904166693620937
764;3,3516351238207562;3,3533255404901183;00001;LF;1;0,0016904166693620937
765;3,383433123740474;3,385123540409836;00001;LF;1;0,0016904166693620937
766;3,4152311236601918;3,416921540329554;00001;LF;1;0,0016904166693620937
767;3,4470291235799095;3,4487195402492716;00001;LF;1;0,0016904166693620937
768;3,47882612349963;3,480516540168992;00001;LF;1;0,0016904166693620937
769;3,5106241234193476;3,5123145400887097;00001;LF;1;0,0016904166693620937
770;3,5424221233390654;3,5441125400084275;00001;LF;1;0,0016904166693620937
771;3,574220123258783;3,5759105399281452;00001;LF;1;0,0016904166693620937
772;3,6060171231785034;3,6077075398478655;00001;LF;1;0,0016904166693620937
773;3,637815123098221;3,6395055397675833;00001;LF;1;0,0016904166693620937
774;3,669613123017939;3,671303539687301;00001;LF;1;0,0016904166693620937
775;3,7014111229376567;3,703101539607019;00001;LF;1;0,0016904166693620937
776;3,7332091228573745;3,7348995395267366;00001;LF;1;0,0016904166693620937
777;3,765006122777095;3,766696539446457;00001;LF;1;0,0016904166693620937
778;3,7968041226968126;3,7984945393661746;00001;LF;1;0,0016904166693620937
779;3,8286021226165303;3,8302925392858924;00001;LF;1;0,0016904166693620937
780;3,860400122536248;3,86209053920561;00001;LF;1;0,0016904166693620937
781;3,8921971224559684;3,8938875391253305;00001;LF;1;0,0016904166693620937
782;3,923995122375686;3,9256855390450482;00001;LF;1;0,0016904166693620937
783;3,955793122295404;3,957483538964766;00001;LF;1;0,0016904166693620937
784;3,9875911222151217;3,989281538884484;00001;LF;1;0,0016904166693620937
785;4,0193891221348395;4,0210795388042015;00001;LF;1;0,0016904166693620937
786;4,05118612205456;4,052876538723922;00001;LF;1;0,0016904166693620937
787;4,0829841219742775;4,08467453864364;00001;LF;1;0,0016904166693620937
788;4,114782121893995;4,116472538563357;00001;LF;1;0,0016904166693620937
789;4,146580121813713;4,148270538483075;00001;LF;1;0,0016904166693620937
790;4,178377121733433;4,180067538402795;00001;LF;1;0,0016904166693620937
791;4,210175121653151;4,211865538322513;00001;LF;1;0,0016904166693620937
792;4,241973121572869;4,243663538242231;00001;LF;1;0,0016904166693620937
793;4,273771121492587;4,275461538161949;00001;LF;1;0,0016904166693620937
794;4,305568121412307;4,307258538081669;00001;LF;1;0,0016904166693620937
795;4,337366121332025;4,339056538001387;00001;LF;1;0,0016904166693620937
796;4,3691641212517425;4,370854537921105;00001;LF;1;0,0016904166693620937
797;4,40096212117146;4,402652537840822;00001;LF;1;0,0016904166693620937
798;4,432760121091178;4,43445053776054;00001;LF;1;0,0016904166693620937
799;4,464557121010898;4,46624753768026;00001;LF;1;0,0016904166693620937
800;4,496355120930616;4,498045537599978;00001;LF;1;0,0016904166693620937
801;4,528153120850334;4,529843537519696;00001;LF;1;0,0016904166693620937
802;4,559951120770052;4,561641537439414;00001;LF;1;0,0016904166693620937
803;4,591748120689772;4,593438537359134;00000;LF;1;0,0016904166693620937
804;4,62354612060949;4,625236537278852;00000;LF;1;0,0016904166693620937
805;4,655344120529207;4,6570345371985695;00000;LF;1;0,0016904166693620937
806;4,687142120448925;4,688832537118287;00001;LF;1;0,0016904166693620937
807;4,718940120368643;4,720630537038005;00000;LF;1;0,0016904166693620937
808;4,750737120288363;4,752427536957725;00000;LF;1;0,0016904166693620937
809;4,782535120208081;4,784225536877443;00000;LF;1;0,0016904166693620937
810;4,81428112012793;4,81625753679657;-00001;LF;1;0,001976416668640013
811;4,846313120047057;4,848289536715697;-00001;LF;1;0,001976416668640013
812;4,8783441199661866;4,880320536634827;-00001;LF;1;0,001976416668640013
813;4,9103761198853135;4,9123525365539535;-00001;LF;1;0,001976416668640013
814;4,9424081198044405;4,9443845364730805;-00002;LF;1;0,001976416668640013
815;4,9744401197235675;4,9764165363922075;-00003;LF;1;0,001976416668640013
816;5,006471119642697;5,008447536311337;-00004;LF;1;0,001976416668640013
817;5,038503119561824;5,040479536230464;-00005;LF;1;0,001976416668640013
818;5,070535119480951;5,072511536149591;-00009;LF;1;0,001976416668640013
819;5,102567119400078;5,104543536068718;-00012;LF;1;0,001976416668640013
820;5,134599119319205;5,136575535987845;-00017;LF;1;0,001976416668640013
821;5,166630119238334;5,168606535906974;-00025;LF;1;0,001976416668640013
822;5,198662119157461;5,200638535826101;-00031;LF;1;0,001976416668640013
823;5,230694119076588;5,232670535745228;-00035;LF;1;0,001976416668640013
824;5,262726118995715;5,264702535664355;-00039;LF;1;0,001976416668640013
825;5,294757118914845;5,296733535583485;-00041;LF;1;0,001976416668640013
826;5,326789118833972;5,328765535502612;-00042;LF;1;0,001976416668640013
827;5,358821118753099;5,360797535421739;-00045;LF;1;0,001976416668640013
828;5,390853118672226;5,392829535340866;-00050;LF;1;0,001976416668640013
829;5,422884118591355;5,424860535259995;-00055;LF;1;0,001976416668640013
830;5,454916118510482;5,456892535179122;-00058;LF;1;0,001976416668640013
831;5,486948118429609;5,488924535098249;-00060;LF;1;0,001976416668640013
832;5,518980118348736;5,520956535017376;-00058;LF;1;0,001976416668640013
833;5,551012118267863;5,552988534936503;-00056;LF;1;0,001976416668640013
834;5,583043118186993;5,585019534855633;-00054;LF;1;0,001976416668640013
835;5,61507511810612;5,61705153477476;-00050;LF;1;0,001976416668640013
836;5,647107118025247;5,649083534693887;-00044;LF;1;0,001976416668640013
837;5,6791391179443735;5,6811155346130136;-00035;LF;1;0,001976416668640013
838;5,711170117863503;5,713146534532143;-00026;LF;1;0,001976416668640013
839;5,74320211778263;5,74517853445127;-00019;LF;1;0,001976416668640013
840;5,775234117701757;5,777210534370397;-00012;LF;1;0,001976416668640013
841;5,807266117620884;5,809242534289524;-00007;LF;1;0,001976416668640013
842;5,839298117540011;5,841274534208651;-00005;LF;1;0,001976416668640013
843;5,87132911745914;5,8733055341277804;-00004;LF;1;0,001976416668640013
844;5,903361117378267;5,905337534046907;-00002;LF;1;0,001976416668640013
845;5,935393117297394;5,937369533966034;-00002;LF;1;0,001976416668640013
846;5,967425117216521;5,969401533885161;-00001;LF;1;0,001976416668640013
847;5,99950811713552;6,001198533804882;00000;LF;1;0,0016904166693620937
848;6,031306117055237;6,032996533724599;00000;LF;1;0,0016904166693620937
849;6,063104116974955;6,064794533644317;00000;LF;1;0,0016904166693620937
850;6,094850116894804;6,096826533563444;-00001;LF;1;0,001976416668640013
851;6,126933116813802;6,1286235334831645;00001;LF;1;0,0016904166693620937
852;6,158679116733651;6,160655533402291;-00001;LF;1;0,001976416668640013
853;6,190763116652647;6,192453533322009;00001;LF;1;0,0016904166693620937
854;6,222509116572496;6,224485533241136;-00001;LF;1;0,001976416668640013
855;6,254593116491492;6,256283533160854;00000;LF;1;0,0016904166693620937
856;6,286338116411343;6,2883145330799834;-00001;LF;1;0,001976416668640013
857;6,318422116330339;6,320112532999701;00001;LF;1;0,0016904166693620937
858;6,350168116250188;6,352144532918828;-00001;LF;1;0,001976416668640013
859;6,382252116169184;6,383942532838546;00001;LF;1;0,0016904166693620937
860;6,413997116089035;6,4159735327576755;-00001;LF;1;0,001976416668640013
861;6,446081116008031;6,447771532677393;00001;LF;1;0,0016904166693620937
862;6,47782711592788;6,47980353259652;-00001;LF;1;0,001976416668640013
863;6,509911115846876;6,511601532516238;00001;LF;1;0,0016904166693620937
864;6,5416561157667275;6,5436325324353675;-00001;LF;1;0,001976416668640013
865;6,573740115685723;6,575430532355085;00001;LF;1;0,0016904166693620937
866;6,605486115605572;6,607462532274212;-00001;LF;1;0,001976416668640013
867;6,637570115524568;6,63926053219393;00001;LF;1;0,0016904166693620937
868;6,669316115444417;6,671292532113057;-00001;LF;1;0,001976416668640013
869;6,701399115363415;6,703089532032777;00001;LF;1;0,0016904166693620937
870;6,733145115283264;6,735121531951904;-00001;LF;1;0,001976416668640013
871;6,76522911520226;6,766919531871622;00001;LF;1;0,0016904166693620937
872;6,796975115122109;6,798951531790749;-00001;LF;1;0,001976416668640013
873;6,829058115041107;6,830748531710469;00001;LF;1;0,0016904166693620937
874;6,860804114960956;6,862780531629596;-00001;LF;1;0,001976416668640013
875;6,892888114879952;6,894578531549314;00001;LF;1;0,0016904166693620937
876;6,924634114799801;6,926610531468441;-00001;LF;1;0,001976416668640013
877;6,956718114718797;6,958408531388159;00000;LF;1;0,0016904166693620937
878;6,988463114638648;6,990439531307288;-00001;LF;1;0,001976416668640013
879;7,020547114557644;7,022237531227006;00001;LF;1;0,0016904166693620937
880;7,052293114477493;7,054269531146133;-00001;LF;1;0,001976416668640013
881;7,084377114396489;7,086067531065851;00000;LF;1;0,0016904166693620937
882;7,116174114316209;7,117864530985571;00000;LF;1;0,0016904166693620937
883;7,147920114236058;7,149896530904698;-00001;LF;1;0,001976416668640013
884;7,180004114155054;7,181694530824416;00001;LF;1;0,0016904166693620937
885;7,211750114074903;7,213726530743543;-00001;LF;1;0,001976416668640013
886;7,243833113993901;7,245523530663263;00001;LF;1;0,0016904166693620937
887;7,27557911391375;7,27755553058239;-00001;LF;1;0,001976416668640013
888;7,307663113832746;7,309353530502108;00001;LF;1;0,0016904166693620937
889;7,339409113752595;7,341385530421235;-00001;LF;1;0,001976416668640013
890;7,37149311367159;7,3731835303409525;00001;LF;1;0,0016904166693620937
891;7,403238113591442;7,405214530260082;-00001;LF;1;0,001976416668640013
892;7,435322113510438;7,4370125301798;00000;LF;1;0,0016904166693620937
893;7,467068113430287;7,469044530098927;-00001;LF;1;0,001976416668640013
894;7,4991521133492824;7,5008425300186445;00000;LF;1;0,0016904166693620937
895;7,530897113269134;7,532873529937774;-00001;LF;1;0,001976416668640013
896;7,56298111318813;7,564671529857492;00001;LF;1;0,0016904166693620937
897;7,594727113107979;7,596703529776619;-00001;LF;1;0,001976416668640013
898;7,6268111130269745;7,6285015296963365;00001;LF;1;0,0016904166693620937
899;7,6585571129468235;7,660532529615466;-00001;LF;1;0,001975416668642538
900;7,690640112865822;7,692330529535184;00001;LF;1;0,0016904166693620937
901;7,722386112785671;7,724362529454311;-00001;LF;1;0,001976416668640013
902;7,7544701127046665;7,756160529374029;00001;LF;1;0,0016904166693620937
903;7,7862161126245155;7,7881925292931555;-00001;LF;1;0,001976416668640013
904;7,818299112543514;7,819989529212876;00001;LF;1;0,0016904166693620937
905;7,850045112463363;7,852021529132003;-00001;LF;1;0,001976416668640013
906;7,8821291123823585;7,883819529051721;00001;LF;1;0,0016904166693620937
907;7,9138751123022075;7,9158515289708475;-00001;LF;1;0,001976416668640013
908;7,945958112221206;7,947648528890568;00001;LF;1;0,0016904166693620937
909;7,977704112141055;7,979680528809695;-00001;LF;1;0,001976416668640013
910;8,00978811206005;8,011478528729413;00001;LF;1;0,0016904166693620937
911;8,0415341119799;8,04351052864854;-00001;LF;1;0,001976416668640013
912;8,073618111898895;8,075308528568257;00001;LF;1;0,0016904166693620937
913;8,105363111818747;8,107339528487387;-00001;LF;1;0,001976416668640013
914;8,137447111737742;8,139137528407105;00001;LF;1;0,0016904166693620937
915;8,169193111657592;8,171169528326232;-00001;LF;1;0,001976416668640013
916;8,201277111576587;8,20296752824595;00001;LF;1;0,0016904166693620937
917;8,233022111496439;8,234998528165079;-00001;LF;1;0,001976416668640013
918;8,265106111415434;8,266796528084797;00001;LF;1;0,0016904166693620937
919;8,296852111335284;8,298828528003924;-00001;LF;1;0,001976416668640013
920;8,32893611125428;8,330626527923641;00001;LF;1;0,0016904166693620937
921;8,36068111117413;8,36265752784277;-00001;LF;1;0,001976416668640013
922;8,392765111093127;8,394455527762489;00001;LF;1;0,0016904166693620937
923;8,424511111012976;8,426487527681616;-00001;LF;1;0,001976416668640013
924;8,456595110931971;8,458285527601333;00001;LF;1;0,0016904166693620937
925;8,48834111085182;8,49031752752046;-00001;LF;1;0,001976416668640013
926;8,520424110770819;8,52211452744018;00001;LF;1;0,0016904166693620937
927;8,552170110690668;8,554146527359308;-00001;LF;1;0,001976416668640013
928;8,584254110609663;8,585944527279025;00001;LF;1;0,0016904166693620937
929;8,616000110529512;8,617976527198152;-00001;LF;1;0,001976416668640013
930;8,64808311044851;8,649773527117873;00001;LF;1;0,0016904166693620937
931;8,67982911036836;8,681805527037;-00001;LF;1;0,001976416668640013
932;8,711913110287355;8,713603526956717;00001;LF;1;0,0016904166693620937
933;8,743659110207204;8,745635526875844;-00001;LF;1;0,001976416668640013
934;8,7757431101262;8,777432526795565;00001;LF;1;0,0016894166693646184
935;8,807488110046052;8,809464526714692;-00001;LF;1;0,001976416668640013
936;8,839572109965047;8,84126252663441;00001;LF;1;0,0016904166693620937
937;8,871318109884896;8,873294526553536;-00001;LF;1;0,001976416668640013
938;8,903402109803892;8,905092526473254;00001;LF;1;0,0016904166693620937
939;8,935147109723744;8,937123526392384;-00001;LF;1;0,001976416668640013
940;8,96723110964274;8,968921526312101;00001;LF;1;0,0016904166693620937
941;8,998977109562588;9,000953526231228;-00001;LF;1;0,001976416668640013
942;9,031061109481584;9,032751526150946;00001;LF;1;0,0016904166693620937
943;9,062806109401436;9,064782526070076;-00001;LF;1;0,001976416668640013
944;9,094890109320431;9,096580525989793;00001;LF;1;0,0016904166693620937
945;9,12663610924028;9,12861252590892;-00001;LF;1;0,001976416668640013
946;9,158720109159276;9,160410525828638;00001;LF;1;0,0016904166693620937
947;9,190466109079125;9,192442525747765;-00001;LF;1;0,001976416668640013
948;9,222549108998123;9,224239525667485;00001;LF;1;0,0016904166693620937
949;9,254295108917972;9,256271525586612;-00001;LF;1;0,001976416668640013
950;9,286379108836968;9,28806952550633;00001;LF;1;0,0016904166693620937
951;9,318125108756817;9,320101525425457;-00001;LF;1;0,001976416668640013
952;9,350208108675815;9,351898525345177;00001;LF;1;0,0016904166693620937
953;9,381954108595664;9,383930525264304;-00001;LF;1;0,001976416668640013
954;9,41403810851466;9,415728525184022;00001;LF;1;0,0016904166693620937
955;9,445784108434509;9,44776052510315;-00001;LF;1;0,001976416668640013
956;9,477867108353507;9,47955752502287;00001;LF;1;0,0016904166693620937
957;9,509613108273356;9,511589524941996;-00001;LF;1;0,001976416668640013
958;9,541697108192352;9,543387524861714;00001;LF;1;0,0016904166693620937
959;9,573443108112201;9,575419524780841;-00001;LF;1;0,001976416668640013
960;9,605527108031197;9,607217524700559;00001;LF;1;0,0016904166693620937
961;9,637272107951048;9,639248524619688;-00001;LF;1;0,001976416668640013
962;9,669356107870044;9,671046524539406;00001;LF;1;0,0016904166693620937
963;9,701102107789893;9,703078524458533;-00001;LF;1;0,001976416668640013
964;9,733186107708889;9,734876524378251;00000;LF;1;0,0016904166693620937
965;9,764983107628609;9,766673524297971;00000;LF;1;0,0016904166693620937
966;9,796729107548458;9,798705524217098;-00001;LF;1;0,001976416668640013
967;9,828813107467454;9,830503524136816;00001;LF;1;0,0016904166693620937
968;9,860559107387303;9,862535524055943;-00001;LF;1;0,001976416668640013
969;9,892643107306299;9,894332523975663;00001;LF;1;0,0016894166693646184
970;9,92438810722615;9,92636452389479;-00001;LF;1;0,001976416668640013
971;9,956472107145146;9,958162523814508;00000;LF;1;0,0016904166693620937
972;9,988218107064995;9,990194523733635;-00001;LF;1;0,001976416668640013
973;10,02030210698399;10,021992523653353;00001;LF;1;0,0016904166693620937
974;10,052047106903842;10,054023523572482;-00001;LF;1;0,001976416668640013
975;10,084131106822838;10,0858215234922;00001;LF;1;0,0016904166693620937
976;10,115877106742687;10,117853523411327;-00001;LF;1;0,001976416668640013
977;10,147961106661683;10,149651523331045;00001;LF;1;0,0016904166693620937
978;10,179706106581534;10,181682523250174;-00001;LF;1;0,001976416668640013
979;10,21179010650053;10,213480523169892;00001;LF;1;0,0016904166693620937
980;10,243536106420379;10,245512523089019;-00001;LF;1;0,001976416668640013
981;10,275620106339375;10,277310523008737;00001;LF;1;0,0016904166693620937
982;10,307366106259224;10,309342522927864;-00001;LF;1;0,001976416668640013
983;10,339449106178222;10,341139522847584;00001;LF;1;0,0016904166693620937
984;10,371195106098071;10,373171522766711;-00001;LF;1;0,001976416668640013
985;10,403279106017067;10,404969522686429;00001;LF;1;0,0016904166693620937
986;10,435025105936916;10,437001522605556;-00001;LF;1;0,001976416668640013
987;10,467108105855914;10,468798522525276;00001;LF;1;0,0016904166693620937
988;10,498854105775763;10,500830522444403;-00001;LF;1;0,001976416668640013
989;10,530938105694759;10,53262852236412;00001;LF;1;0,0016904166693620937
990;10,562684105614608;10,564660522283248;-00001;LF;1;0,001976416668640013
991;10,594767105533606;10,596457522202968;00001;LF;1;0,0016904166693620937
992;10,626513105453455;10,628489522122095;-00001;LF;1;0,001976416668640013
993;10,65859710537245;10,660287522041813;00001;LF;1;0,0016904166693620937
994;10,6903431052923;10,69231952196094;-00001;LF;1;0,001976416668640013
995;10,722427105211295;10,724117521880657;00001;LF;1;0,0016904166693620937
996;10,754172105131147;10,756148521799787;-00001;LF;1;0,001976416668640013
997;10,786256105050143;10,787946521719505;00001;LF;1;0,0016904166693620937
998;10,818002104969992;10,819978521638632;-00001;LF;1;0,001976416668640013
999;10,850086104888987;10,85177652155835;00001;LF;1;0,0016904166693620937
1000;10,881831104808839;10,883807521477479;-00001;LF;1;0,001976416668640013
1001;10,913915104727835;10,915605521397197;00001;LF;1;0,0016904166693620937
1002;10,945661104647684;10,947637521316324;-00001;LF;1;0,001976416668640013
1003;10,97774510456668;10,979435521236041;00001;LF;1;0,0016904166693620937
1004;11,009491104486528;11,011466521155171;-00001;LF;1;0,001975416668642538
1005;11,041574104405527;11,043264521074889;00001;LF;1;0,0016904166693620937
1006;11,073320104325376;11,075296520994016;-00001;LF;1;0,001976416668640013
1007;11,105404104244371;11,107094520913734;00001;LF;1;0,0016904166693620937
1008;11,13715010416422;11,13912652083286;-00001;LF;1;0,001976416668640013
1009;11,169233104083219;11,17092352075258;00001;LF;1;0,0016904166693620937
1010;11,200979104003068;11,202955520671708;-00001;LF;1;0,001976416668640013
1011;11,233063103922063;11,234753520591426;00001;LF;1;0,0016904166693620937
1012;11,264809103841912;11,266785520510552;-00001;LF;1;0,001976416668640013
1013;11,29689210376091;11,298582520430273;00001;LF;1;0,0016904166693620937
1014;11,32863810368076;11,3306145203494;-00001;LF;1;0,001976416668640013
1015;11,360722103599755;11,362412520269118;00001;LF;1;0,0016904166693620937
1016;11,392468103519604;11,394444520188244;-00001;LF;1;0,001976416668640013
1017;11,4245521034386;11,426242520107962;00001;LF;1;0,0016904166693620937
1018;11,456297103358452;11,458273520027092;-00001;LF;1;0,001976416668640013
1019;11,488381103277447;11,49007151994681;00001;LF;1;0,0016904166693620937
1020;11,520127103197296;11,522103519865937;-00001;LF;1;0,001976416668640013
1021;11,552211103116292;11,553901519785654;00001;LF;1;0,0016904166693620937
1022;11,583956103036144;11,585932519704784;-00001;LF;1;0,001976416668640013
1023;11,61604010295514;11,617730519624502;00001;LF;1;0,0016904166693620937
1024;11,647786102874989;11,649762519543629;-00001;LF;1;0,001976416668640013
1025;11,679870102793984;11,681560519463346;00001;LF;1;0,0016904166693620937
1026;11,711615102713836;11,713591519382476;-00001;LF;1;0,001976416668640013
1027;11,743699102632831;11,745389519302194;00001;LF;1;0,0016904166693620937
1028;11,77544510255268;11,77742151922132;-00001;LF;1;0,001976416668640013
1029;11,807529102471676;11,809219519141038;00001;LF;1;0,0016904166693620937
1030;11,839275102391525;11,841251519060165;-00001;LF;1;0,001976416668640013
1031;11,871358102310523;11,873048518979886;00001;LF;1;0,0016904166693620937
1032;11,903104102230373;11,905080518899013;-00001;LF;1;0,001976416668640013
1033;11,935188102149368;11,93687851881873;00001;LF;1;0,0016904166693620937
1034;11,966934102069217;11,968910518737857;-00001;LF;1;0,001976416668640013
1035;11,999017101988215;12,000707518657578;00001;LF;1;0,0016904166693620937
1036;12,030763101908065;12,032739518576705;-00001;LF;1;0,001976416668640013
1037;12,06284710182706;12,064537518496422;00001;LF;1;0,0016904166693620937
1038;12,09459310174691;12,09656951841555;-00001;LF;1;0,001976416668640013
1039;12,126677101665905;12,12836651833527;00001;LF;1;0,0016894166693646184
1040;12,158422101585757;12,160398518254397;-00001;LF;1;0,001976416668640013
1041;12,190506101504752;12,192196518174114;00001;LF;1;0,0016904166693620937
1042;12,222252101424601;12,224228518093241;-00001;LF;1;0,001976416668640013
1043;12,254336101343597;12,256026518012959;00001;LF;1;0,0016904166693620937
1044;12,286081101263449;12,288057517932089;-00001;LF;1;0,001976416668640013
1045;12,318165101182444;12,319855517851806;00001;LF;1;0,0016904166693620937
1046;12,349911101102293;12,351887517770933;-00001;LF;1;0,001976416668640013
1047;12,381995101021289;12,383685517690651;00001;LF;1;0,0016904166693620937
1048;12,41374010094114;12,41571651760978;-00001;LF;1;0,001976416668640013
1049;12,445824100860136;12,447514517529498;00001;LF;1;0,0016904166693620937
1050;12,477570100779985;12,479546517448625;-00001;LF;1;0,001976416668640013
1051;12,509654100698981;12,511344517368343;00001;LF;1;0,0016904166693620937
1052;12,54140010061883;12,54337651728747;-00001;LF;1;0,001976416668640013
1053;12,573483100537828;12,57517351720719;00001;LF;1;0,0016904166693620937
1054;12,605229100457677;12,607205517126317;-00001;LF;1;0,001976416668640013
1055;12,637313100376673;12,639003517046035;00001;LF;1;0,0016904166693620937
1056;12,669059100296522;12,671035516965162;-00001;LF;1;0,001976416668640013
1057;12,70114210021552;12,702832516884882;00001;LF;1;0,0016904166693620937
1058;12,73288810013537;12,73486451680401;-00001;LF;1;0,001976416668640013
1059;12,764972100054365;12,766662516723727;00001;LF;1;0,0016904166693620937
1060;12,796718099974214;12,798694516642854;-00001;LF;1;0,001976416668640013
1061;12,828801099893212;12,830491516562574;00001;LF;1;0,0016904166693620937
1062;12,860547099813061;12,862523516481701;-00001;LF;1;0,001976416668640013
1063;12,892631099732057;12,894321516401419;00001;LF;1;0,0016904166693620937
1064;12,924377099651906;12,926353516320546;-00001;LF;1;0,001976416668640013
1065;12,956461099570902;12,958151516240264;00000;LF;1;0,0016904166693620937
1066;12,988206099490753;12,990182516159393;-00001;LF;1;0,001976416668640013
1067;13,020290099409749;13,021980516079111;00001;LF;1;0,0016904166693620937
1068;13,052036099329598;13,054012515998238;-00001;LF;1;0,001976416668640013
1069;13,084120099248594;13,085810515917956;00001;LF;1;0,0016904166693620937
1070;13,115865099168445;13,117841515837085;-00001;LF;1;0,001976416668640013
1071;13,147949099087441;13,149639515756803;00001;LF;1;0,0016904166693620937
1072;13,17969509900729;13,18167151567593;-00001;LF;1;0,001976416668640013
1073;13,211779098926286;13,213469515595648;00001;LF;1;0,0016904166693620937
1074;13,243525098846135;13,245500515514777;-00001;LF;1;0,001975416668642538
1075;13,275608098765133;13,277298515434495;00001;LF;1;0,0016904166693620937
1076;13,307354098684982;13,309330515353622;-00001;LF;1;0,001976416668640013
1077;13,339438098603978;13,34112851527334;00001;LF;1;0,0016904166693620937
1078;13,371184098523827;13,373160515192467;-00001;LF;1;0,001976416668640013
1079;13,403267098442825;13,404957515112187;00001;LF;1;0,0016904166693620937
1080;13,435013098362674;13,436989515031314;-00001;LF;1;0,001976416668640013
1081;13,46709709828167;13,468787514951032;00001;LF;1;0,0016904166693620937
1082;13,498843098201519;13,500819514870159;-00001;LF;1;0,001976416668640013
1083;13,530926098120517;13,53261651478988;00001;LF;1;0,0016904166693620937
1084;13,562672098040366;13,564648514709006;-00001;LF;1;0,001976416668640013
1085;13,594756097959362;13,596446514628724;00001;LF;1;0,0016904166693620937
1086;13,62650209787921;13,62847851454785;-00001;LF;1;0,001976416668640013
1087;13,658586097798207;13,660276514467569;00001;LF;1;0,0016904166693620937
1088;13,690331097718058;13,692307514386698;-00001;LF;1;0,001976416668640013
1089;13,722415097637054;13,724105514306416;00001;LF;1;0,0016904166693620937
1090;13,754161097556903;13,756137514225543;-00001;LF;1;0,001976416668640013
1091;13,786245097475899;13,78793551414526;00001;LF;1;0,0016904166693620937
1092;13,81799009739575;13,81996651406439;-00001;LF;1;0,001976416668640013
1093;13,850074097314746;13,851764513984108;00001;LF;1;0,0016904166693620937
1094;13,881820097234595;13,883796513903235;-00001;LF;1;0,001976416668640013
1095;13,91390409715359;13,915594513822953;00001;LF;1;0,0016904166693620937
1096;13,945649097073442;13,947625513742082;-00001;LF;1;0,001976416668640013
1097;13,977733096992438;13,9794235136618;00001;LF;1;0,0016904166693620937
1098;14,009479096912287;14,011455513580927;-00001;LF;1;0,001976416668640013
1099;14,041563096831283;14,043253513500645;00001;LF;1;0,0016904166693620937
1100;14,073309096751132;14,075285513419772;-00001;LF;1;0,001976416668640013
1101;14,10539209667013;14,107082513339492;00001;LF;1;0,0016904166693620937
1102;14,137138096589979;14,139114513258619;-00001;LF;1;0,001976416668640013
1103;14,169222096508975;14,170912513178337;00001;LF;1;0,0016904166693620937
1104;14,200968096428824;14,202944513097464;-00001;LF;1;0,001976416668640013
1105;14,233051096347822;14,234741513017184;00001;LF;1;0,0016904166693620937
1106;14,264797096267671;14,266773512936311;-00001;LF;1;0,001976416668640013
1107;14,296881096186667;14,298571512856029;00001;LF;1;0,0016904166693620937
1108;14,328627096106516;14,330603512775156;-00001;LF;1;0,001976416668640013
1109;14,360710096025514;14,362400512694876;00001;LF;1;0,0016904166693620937
1110;14,392456095945363;14,394432512614003;-00001;LF;1;0,001976416668640013
1111;14,424540095864359;14,42623051253372;00001;LF;1;0,0016904166693620937
1112;14,456286095784208;14,458262512452848;-00001;LF;1;0,001976416668640013
1113;14,488370095703203;14,490060512372565;00001;LF;1;0,0016904166693620937
1114;14,520115095623055;14,522091512291695;-00001;LF;1;0,001976416668640013
1115;14,55219909554205;14,553889512211413;00001;LF;1;0,0016904166693620937
1116;14,5839450954619;14,58592151213054;-00001;LF;1;0,001976416668640013
1117;14,616029095380895;14,617719512050257;00001;LF;1;0,0016904166693620937
1118;14,647774095300747;14,649750511969387;-00001;LF;1;0,001976416668640013
1119;14,679858095219743;14,681548511889105;00001;LF;1;0,0016904166693620937
1120;14,711604095139592;14,713580511808232;-00001;LF;1;0,001976416668640013
1121;14,743688095058587;14,74537851172795;00001;LF;1;0,0016904166693620937
1122;14,775434094978436;14,777410511647076;-00001;LF;1;0,001976416668640013
1123;14,807517094897435;14,809207511566797;00001;LF;1;0,0016904166693620937
1124;14,839263094817284;14,841239511485924;-00001;LF;1;0,001976416668640013
1125;14,87134709473628;14,873037511405641;00001;LF;1;0,0016904166693620937
1126;14,903093094656128;14,905069511324768;-00001;LF;1;0,001976416668640013
1127;14,935176094575127;14,936866511244489;00001;LF;1;0,0016904166693620937
1128;14,966922094494976;14,968898511163616;-00001;LF;1;0,001976416668640013
1129;14,999006094413971;15,000696511083333;00001;LF;1;0,0016904166693620937
1130;15,03075209433382;15,03272851100246;-00001;LF;1;0,001976416668640013
1131;15,062835094252819;15,06452551092218;00001;LF;1;0,0016904166693620937
1132;15,094581094172668;15,096557510841308;-00001;LF;1;0,001976416668640013
1133;15,126665094091663;15,128355510761025;00001;LF;1;0,0016904166693620937
1134;15,158411094011512;15,160387510680152;-00001;LF;1;0,001976416668640013
1135;15,190495093930508;15,19218551059987;00001;LF;1;0,0016904166693620937
1136;15,22224009385036;15,224216510519;-00001;LF;1;0,001976416668640013
1137;15,254324093769355;15,256014510438717;00001;LF;1;0,0016904166693620937
1138;15,286070093689204;15,288046510357844;-00001;LF;1;0,001976416668640013
1139;15,3181540936082;15,319844510277562;00001;LF;1;0,0016904166693620937
1140;15,349899093528052;15,351875510196692;-00001;LF;1;0,001976416668640013
1141;15,381983093447047;15,38367351011641;00001;LF;1;0,0016904166693620937
1142;15,413729093366896;15,415705510035536;-00001;LF;1;0,001976416668640013
1143;15,445813093285892;15,447503509955254;00001;LF;1;0,0016904166693620937
1144;15,477558093205744;15,479534509874384;-00001;LF;1;0,001976416668640013
1145;15,50964209312474;15,511332509794101;00001;LF;1;0,0016904166693620937
1146;15,541388093044588;15,543364509713228;-00001;LF;1;0,001976416668640013
1147;15,573472092963584;15,575162509632946;00001;LF;1;0,0016904166693620937
1148;15,605218092883433;15,607194509552073;-00001;LF;1;0,001976416668640013
1149;15,637301092802431;15,638991509471794;00001;LF;1;0,0016904166693620937
1150;15,66904709272228;15,67102350939092;-00001;LF;1;0,001976416668640013
1151;15,701131092641276;15,702821509310638;00001;LF;1;0,0016904166693620937
1152;15,732877092561125;15,734853509229765;-00001;LF;1;0,001976416668640013
1153;15,764960092480123;15,766650509149486;00001;LF;1;0,0016904166693620937
1154;15,796706092399972;15,798682509068612;-00001;LF;1;0,001976416668640013
1155;15,828790092318968;15,83048050898833;00001;LF;1;0,0016904166693620937
1156;15,860536092238817;15,862512508907457;-00001;LF;1;0,001976416668640013
1157;15,892620092157813;15,894310508827175;00001;LF;1;0,0016904166693620937
1158;15,924365092077664;15,926341508746304;-00001;LF;1;0,001976416668640013
1159;15,95644909199666;15,958139508666022;00001;LF;1;0,0016904166693620937
1160;15,98819509191651;15,99017150858515;-00001;LF;1;0,001976416668640013
1161;16,020279091835505;16,021969508504867;00001;LF;1;0,0016904166693620937
1162;16,052024091755356;16,054000508423997;-00001;LF;1;0,001976416668640013
1163;16,084108091674352;16,085798508343714;00000;LF;1;0,0016904166693620937
1164;16,11590609159407;16,117596508263432;00000;LF;1;0,0016904166693620937
1165;16,14765209151392;16,14962850818256;-00001;LF;1;0,001976416668640013
1166;16,179735091432917;16,18142550810228;00001;LF;1;0,0016904166693620937
1167;16,211481091352766;16,213457508021406;-00001;LF;1;0,001976416668640013
1168;16,243565091271762;16,245255507941124;00001;LF;1;0,0016904166693620937
1169;16,27531109119161;16,27728750786025;-00001;LF;1;0,001976416668640013
1170;16,307395091110607;16,30908550777997;00001;LF;1;0,0016904166693620937
1171;16,33914009103046;16,3411165076991;-00001;LF;1;0,001976416668640013
1172;16,371224090949454;16,372914507618816;00001;LF;1;0,0016904166693620937
1173;16,402970090869303;16,404946507537943;-00001;LF;1;0,001976416668640013
1174;16,4350540907883;16,43674450745766;00001;LF;1;0,0016904166693620937
1175;16,46679909070815;16,46877550737679;-00001;LF;1;0,001976416668640013
1176;16,498883090627146;16,500573507296508;00001;LF;1;0,0016904166693620937
1177;16,530629090546995;16,532605507215635;-00001;LF;1;0,001976416668640013
1178;16,56271309046599;16,564403507135353;00001;LF;1;0,0016904166693620937
1179;16,594458090385842;16,596434507054482;-00001;LF;1;0,001976416668640013
1180;16,626542090304838;16,6282325069742;00001;LF;1;0,0016904166693620937
1181;16,658288090224687;16,660264506893327;-00001;LF;1;0,001976416668640013
1182;16,690372090143683;16,692062506813045;00001;LF;1;0,0016904166693620937
1183;16,722118090063532;16,724094506732172;-00001;LF;1;0,001976416668640013
1184;16,75420108998253;16,755891506651892;00001;LF;1;0,0016904166693620937
1185;16,78594708990238;16,78792350657102;-00001;LF;1;0,001976416668640013
1186;16,818031089821375;16,819721506490737;00001;LF;1;0,0016904166693620937
1187;16,849777089741224;16,851753506409864;-00001;LF;1;0,001976416668640013
1188;16,881860089660222;16,883550506329584;00001;LF;1;0,0016904166693620937
1189;16,91360608958007;16,91558250624871;-00001;LF;1;0,001976416668640013
1190;16,945690089499067;16,94738050616843;00001;LF;1;0,0016904166693620937
1191;16,977436089418916;16,979412506087556;-00001;LF;1;0,001976416668640013
1192;17,00952008933791;17,011210506007274;00001;LF;1;0,0016904166693620937
1193;17,041265089257763;17,043241505926403;-00001;LF;1;0,001976416668640013
1194;17,07334908917676;17,07503950584612;00001;LF;1;0,0016904166693620937
1195;17,105095089096608;17,107071505765248;-00001;LF;1;0,001976416668640013
1196;17,137179089015603;17,138869505684966;00001;LF;1;0,0016904166693620937
1197;17,168924088935455;17,170900505604095;-00001;LF;1;0,001976416668640013
1198;17,20100808885445;17,202698505523813;00001;LF;1;0,0016904166693620937
1199;17,2327540887743;17,23473050544294;-00001;LF;1;0,001976416668640013
1200;17,264838088693296;17,266528505362658;00001;LF;1;0,0016904166693620937
1201;17,296583088613147;17,298559505281787;-00001;LF;1;0,001976416668640013
1202;17,328667088532143;17,330357505201505;00001;LF;1;0,0016904166693620937
1203;17,360413088451992;17,362389505120632;-00001;LF;1;0,001976416668640013
1204;17,392497088370988;17,39418750504035;00001;LF;1;0,0016904166693620937
1205;17,424243088290837;17,426219504959477;-00001;LF;1;0,001976416668640013
1206;17,456326088209835;17,458016504879197;00001;LF;1;0,0016904166693620937
1207;17,488072088129684;17,490048504798324;-00001;LF;1;0,001976416668640013
1208;17,52015608804868;17,52184650471804;00001;LF;1;0,0016904166693620937
1209;17,55190208796853;17,55387850463717;-00001;LF;1;0,001976416668640013
1210;17,583985087887527;17,58567550455689;00001;LF;1;0,0016904166693620937
1211;17,615731087807376;17,617707504476016;-00001;LF;1;0,001976416668640013
1212;17,64781508772637;17,649505504395734;00001;LF;1;0,0016904166693620937
1213;17,67956108764622;17,68153750431486;-00001;LF;1;0,001976416668640013
1214;17,71164408756522;17,71333450423458;00001;LF;1;0,0016904166693620937
1215;17,743390087485068;17,745366504153708;-00001;LF;1;0,001976416668640013
1216;17,775474087404064;17,777164504073426;00001;LF;1;0,0016904166693620937
1217;17,807220087323913;17,809196503992553;-00001;LF;1;0,001976416668640013
1218;17,83930408724291;17,84099450391227;00001;LF;1;0,0016904166693620937
1219;17,87104908716276;17,8730255038314;-00001;LF;1;0,001976416668640013
1220;17,903133087081756;17,904823503751118;00001;LF;1;0,0016904166693620937
1221;17,934879087001605;17,936855503670245;-00001;LF;1;0,001976416668640013
1222;17,9669630869206;17,968653503589962;00001;LF;1;0,0016904166693620937
1223;17,998708086840452;18,000684503509092;-00001;LF;1;0,001976416668640013
1224;18,030792086759448;18,03248250342881;00001;LF;1;0,0016904166693620937
1225;18,062538086679297;18,064514503347937;-00001;LF;1;0,001976416668640013
1226;18,094622086598292;18,096312503267654;00001;LF;1;0,0016904166693620937
1227;18,12636808651814;18,128343503186784;-00001;LF;1;0,001975416668642538
1228;18,15845108643714;18,1601415031065;00001;LF;1;0,0016904166693620937
1229;18,19019708635699;18,19217350302563;-00001;LF;1;0,001976416668640013
1230;18,222281086275984;18,223971502945346;00001;LF;1;0,0016904166693620937
1231;18,254027086195833;18,256003502864473;-00001;LF;1;0,001976416668640013
1232;18,28611008611483;18,287800502784194;00001;LF;1;0,0016904166693620937
1233;18,31785608603468;18,31983250270332;-00001;LF;1;0,001976416668640013
1234;18,349940085953676;18,35163050262304;00001;LF;1;0,0016904166693620937
1235;18,381686085873525;18,383662502542165;-00001;LF;1;0,001976416668640013
1236;18,413769085792524;18,415459502461886;00001;LF;1;0,0016904166693620937
1237;18,445515085712373;18,447491502381013;-00001;LF;1;0,001976416668640013
1238;18,47759908563137;18,47928950230073;00001;LF;1;0,0016904166693620937
1239;18,509345085551217;18,511321502219857;-00001;LF;1;0,001976416668640013
1240;18,541429085470213;18,543119502139575;00001;LF;1;0,0016904166693620937
1241;18,573174085390065;18,575150502058705;-00001;LF;1;0,001976416668640013
1242;18,60525808530906;18,606948501978422;00001;LF;1;0,0016904166693620937
1243;18,63700408522891;18,63898050189755;-00001;LF;1;0,001976416668640013
1244;18,669088085147905;18,670778501817267;00001;LF;1;0,0016904166693620937
1245;18,700833085067757;18,702809501736397;-00001;LF;1;0,001976416668640013
1246;18,732917084986752;18,734607501656114;00001;LF;1;0,0016904166693620937
1247;18,7646630849066;18,76663950157524;-00001;LF;1;0,001976416668640013
1248;18,796747084825597;18,79843750149496;00001;LF;1;0,0016904166693620937
1249;18,82849208474545;18,83046850141409;-00001;LF;1;0,001976416668640013
1250;18,860576084664444;18,862266501333806;00001;LF;1;0,0016904166693620937
1251;18,892322084584293;18,894298501252933;-00001;LF;1;0,001976416668640013
1252;18,92440608450329;18,92609650117265;00001;LF;1;0,0016904166693620937
1253;18,956152084423138;18,958128501091778;-00001;LF;1;0,001976416668640013
1254;18,988235084342136;18,9899255010115;00001;LF;1;0,0016904166693620937
1255;19,019981084261985;19,021957500930625;-00001;LF;1;0,001976416668640013
1256;19,05206508418098;19,053755500850343;00001;LF;1;0,0016904166693620937
1257;19,08381108410083;19,08578750076947;-00001;LF;1;0,001976416668640013
1258;19,11589408401983;19,11758450068919;00001;LF;1;0,0016904166693620937
1259;19,147640083939677;19,149616500608317;-00001;LF;1;0,001976416668640013
1260;19,179724083858673;19,181414500528035;00001;LF;1;0,0016904166693620937
1261;19,211470083778522;19,213446500447162;-00001;LF;1;0,001976416668640013
1262;19,24355308369752;19,245243500366882;00001;LF;1;0,0016904166693620937
1263;19,27529908361737;19,27727550028601;-00001;LF;1;0,001976416668640013
1264;19,307383083536365;19,309073500205727;00001;LF;1;0,0016904166693620937
1265;19,339129083456214;19,341105500124854;-00001;LF;1;0,001976416668640013
1266;19,37121308337521;19,372903500044572;00001;LF;1;0,0016904166693620937
1267;19,40295808329506;19,4049344999637;-00001;LF;1;0,001976416668640013
1268;19,435042083214057;19,43673249988342;00001;LF;1;0,0016904166693620937
1269;19,466788083133906;19,468764499802546;-00001;LF;1;0,001976416668640013
1270;19,498872083052902;19,500562499722264;00001;LF;1;0,0016904166693620937
1271;19,530617082972753;19,532593499641393;-00001;LF;1;0,001976416668640013
1272;19,56270108289175;19,56439149956111;00001;LF;1;0,0016904166693620937
1273;19,594447082811598;19,596423499480238;-00001;LF;1;0,001976416668640013
1274;19,626531082730594;19,628221499399956;00001;LF;1;0,0016904166693620937
1275;19,658277082650443;19,660253499319083;-00001;LF;1;0,001976416668640013
1276;19,69036008256944;19,692050499238803;00001;LF;1;0,0016904166693620937
1277;19,72210608248929;19,72408249915793;-00001;LF;1;0,001976416668640013
1278;19,754190082408286;19,755880499077648;00001;LF;1;0,0016904166693620937
1279;19,785936082328135;19,787912498996775;-00001;LF;1;0,001976416668640013
1280;19,818019082247133;19,819709498916495;00001;LF;1;0,0016904166693620937
1281;19,849765082166982;19,851741498835622;-00001;LF;1;0,001976416668640013
1282;19,881849082085978;19,88353949875534;00001;LF;1;0,0016904166693620937
1283;19,913595082005827;19,915571498674467;-00001;LF;1;0,001976416668640013
1284;19,945678081924825;19,947368498594187;00001;LF;1;0,0016904166693620937
1285;19,977424081844674;19,979400498513314;-00001;LF;1;0,001976416668640013
1286;20,00950808176367;20,011198498433032;00001;LF;1;0,0016904166693620937
1287;20,04125408168352;20,04323049835216;-00001;LF;1;0,001976416668640013
1288;20,073338081602515;20,075028498271877;00001;LF;1;0,0016904166693620937
1289;20,105083081522366;20,107059498191006;-00001;LF;1;0,001976416668640013
1290;20,137167081441362;20,138857498110724;00001;LF;1;0,0016904166693620937
1291;20,16891308136121;20,17088949802985;-00001;LF;1;0,001976416668640013
1292;20,200997081280207;20,20268749794957;00001;LF;1;0,0016904166693620937
1293;20,23274208120006;20,2347184978687;-00001;LF;1;0,001976416668640013
1294;20,264826081119054;20,266516497788416;00001;LF;1;0,0016904166693620937
1295;20,296572081038903;20,298548497707543;-00001;LF;1;0,001976416668640013
1296;20,3286560809579;20,33034649762726;00001;LF;1;0,0016904166693620937
1297;20,36040108087775;20,36237749754639;-00001;LF;1;0,001976416668640013
1298;20,392485080796746;20,394175497466108;00001;LF;1;0,0016904166693620937
1299;20,424231080716595;20,426207497385235;-00001;LF;1;0,001976416668640013
1300;20,45631508063559;20,458005497304953;00001;LF;1;0,0016904166693620937
1301;20,48806108055544;20,49003749722408;-00001;LF;1;0,001976416668640013
1302;20,520144080474438;20,5218344971438;00001;LF;1;0,0016904166693620937
1303;20,551890080394287;20,553866497062927;-00001;LF;1;0,001976416668640013
1304;20,583974080313283;20,585664496982645;00001;LF;1;0,0016904166693620937
1305;20,61572008023313;20,61769649690177;-00001;LF;1;0,001976416668640013
1306;20,64780308015213;20,649493496821492;00001;LF;1;0,0016904166693620937
1307;20,67954908007198;20,68152549674062;-00001;LF;1;0,001976416668640013
1308;20,711633079990975;20,713323496660337;00001;LF;1;0,0016904166693620937
1309;20,743379079910824;20,745355496579464;-00001;LF;1;0,001976416668640013
1310;20,77546307982982;20,77715349649918;00001;LF;1;0,0016904166693620937